RowNumber,CreditScore,Geography_Germany,Geography_France,Geography_Spain,Gender_Female,Gender_Male,Age,Tenure,Balance,NumOfProducts,HasCrCard,IsActiveMember,EstimatedSalary,Satisfaction Score,Point Earned,Loyalty_Score,Complain_score
47,829,1,0,0,1,0,27,9,112045.67,1,1,1,119708.21,3,779,34.29,2.1853733773365778
48,637,1,0,0,1,0,39,9,137843.8,1,1,1,117622.8,1,730,27.8,0.08744741606164172
52,585,1,0,0,0,1,36,5,146050.97,2,0,0,86424.57,3,665,27.15,-9.831739737928564e-06
61,742,1,0,0,0,1,35,5,136857.0,1,0,0,84509.57,4,823,29.73,8.340954912927044e-05
62,687,1,0,0,1,0,27,9,152328.88,2,0,0,126494.82,5,769,40.19,1.8638595795674112e-05
65,603,1,0,0,0,1,26,4,109166.37,1,1,1,92840.67,3,882,27.82,0.00015325609735212026
84,506,0,1,0,1,0,34,4,90307.62,1,1,1,159235.29,4,511,27.11,-5.037915490332746e-06
98,814,1,0,0,0,1,29,8,97086.4,2,1,1,197276.13,2,965,33.65,-9.15692204746178e-05
110,479,1,0,0,0,1,35,9,92833.89,1,1,0,99449.86,3,328,27.78,1.278721725910102
115,721,1,0,0,0,1,28,9,154475.54,2,0,1,101300.94,5,541,39.91,0.8503366074574619
116,628,1,0,0,1,0,30,9,132351.29,2,1,1,74169.13,2,736,32.86,5.9949691598934824e-05
117,668,1,0,0,1,0,37,6,167864.4,1,1,0,115638.29,4,529,28.29,2.4894169408776337e-05
130,770,0,1,0,0,1,24,9,101827.07,1,1,0,167256.35,4,730,34.8,7.41802831509443e-05
132,795,1,0,0,1,0,33,9,130862.43,1,1,1,114935.21,5,411,36.61,6.168061571250392e-05
135,789,1,0,0,0,1,39,7,124828.46,2,1,1,124411.08,2,377,26.27,-8.625463478299951e-05
166,660,1,0,0,0,1,31,9,125189.75,2,1,1,139874.43,5,612,40.62,-3.4673397078822444e-05
167,704,1,0,0,1,0,24,7,113034.22,1,1,0,162503.48,2,801,26.51,1.6076060308605205
174,578,0,1,0,0,1,30,4,169462.09,1,1,0,112187.11,5,872,31.72,1.8434030900482294
178,606,1,0,0,0,1,36,5,190479.48,2,0,0,179351.89,5,929,35.79,-0.0001309748880882067
179,597,0,0,1,1,0,40,8,101993.12,1,0,1,94774.12,5,681,37.81,2.5190980234430438e-05
190,687,1,0,0,1,0,34,7,111388.18,2,1,0,148564.76,4,570,32.2,-7.290481646488968e-05
194,601,0,1,0,0,1,32,8,93012.89,1,1,0,86957.42,2,799,27.99,0.00010712086622365314
221,726,0,1,0,1,0,31,9,114722.05,2,1,1,98178.57,5,811,42.61,1.968271427327966e-05
226,670,0,1,0,0,1,37,4,170557.91,2,1,0,198252.88,5,729,32.29,-0.00016458231990894485
234,767,1,0,0,0,1,20,3,119714.25,2,0,1,150135.38,4,535,27.85,5.059227833342459e-05
243,703,0,1,0,0,1,37,8,105961.68,2,0,1,74158.8,1,619,27.19,-2.8091455310409464e-06
246,635,0,1,0,1,0,40,10,123497.58,1,1,0,131953.23,5,774,39.74,-0.46556218561141405
249,634,1,0,0,0,1,24,8,103097.85,1,1,1,157577.29,2,532,27.32,8.679822802949285e-05
285,799,0,1,0,1,0,22,8,174185.98,2,0,1,192633.85,3,219,29.19,-2.2745086040835267e-05
294,750,0,0,1,1,0,34,9,112822.26,1,0,0,150401.53,2,563,27.13,0.12956784135027455
329,671,1,0,0,0,1,35,1,144848.74,1,1,1,179012.3,5,731,27.81,-3.9787356149998053e-05
330,664,1,0,0,0,1,26,7,116244.14,2,1,1,95145.14,2,837,30.87,6.84745543772898e-05
334,584,1,0,0,1,0,30,8,112013.81,1,1,0,177772.03,4,641,32.41,0.1333438843623716
336,485,0,1,0,0,1,29,7,182123.79,1,1,0,116828.51,4,583,30.33,1.9017417743792022
341,642,1,0,0,1,0,40,6,129502.49,2,0,1,86099.23,4,269,29.69,-0.9055953472754613
347,630,1,0,0,1,0,34,9,106937.05,2,1,0,138275.01,3,624,32.74,-5.9490755769528253e-05
351,659,0,0,1,0,1,32,3,107594.11,2,1,1,102416.84,3,683,26.33,5.190092437146516e-06
358,522,0,0,1,0,1,34,9,126436.29,1,1,0,174248.52,3,973,34.230000000000004,-0.4922178492840754
368,460,1,0,0,1,0,35,8,102742.91,2,1,1,189339.6,5,366,36.66,-0.00013502772743149942
378,572,0,0,1,0,1,35,4,152390.26,1,1,0,128123.66,4,951,29.51,2.6552769282048117e-05
384,709,1,0,0,0,1,28,8,124695.72,2,1,0,145251.35,3,665,31.65,-1.4780513159294574e-05
391,712,1,0,0,1,0,29,7,147199.07,1,1,1,84932.4,3,886,32.36,0.0001366631655734319
402,593,1,0,0,1,0,38,4,129499.42,1,1,1,154071.27,5,337,28.37,-3.4175814890029136e-05
409,668,1,0,0,0,1,37,10,152958.29,2,1,1,159585.61,2,743,34.43,-0.0001141743793171979
413,745,0,0,1,1,0,31,3,124328.84,1,1,1,140451.52,5,924,32.74,4.6351648338990056e-05
426,648,0,1,0,0,1,26,9,162923.85,1,1,0,98368.24,5,922,39.72,0.00014605017306067888
427,492,1,0,0,0,1,39,10,124576.65,2,1,0,148584.61,5,560,39.6,-0.00011776805334429983
434,545,1,0,0,1,0,37,8,114754.08,1,1,0,136050.44,5,958,38.58,-0.034317494790122395
438,516,0,1,0,0,1,35,10,104088.59,2,0,0,119666.0,1,565,27.65,-4.419890270161442e-05
443,534,0,1,0,1,0,34,7,121551.58,2,1,1,70179.0,3,351,29.01,2.928147011078361e-05
448,501,0,1,0,0,1,40,4,125832.2,1,1,1,100433.83,3,923,28.23,1.7812793839411684e-05
461,468,1,0,0,0,1,29,1,111681.98,2,1,1,195711.16,3,977,26.27,-8.952907347722526e-05
468,816,1,0,0,1,0,38,5,130878.75,3,1,0,71905.77,4,961,35.11,-1.812427651180446
471,631,0,0,1,0,1,27,10,134169.62,1,1,1,176730.02,5,863,42.63,3.492767565971375e-05
478,611,0,1,0,1,0,40,8,100812.33,2,1,0,147358.27,2,927,31.27,-0.0001251368276412334
481,788,0,0,1,0,1,34,6,156478.62,1,0,1,181196.76,3,760,29.6,-3.366761898549631e-05
484,486,1,0,0,0,1,37,9,115217.99,2,1,0,144995.33,1,882,29.32,-9.515400452846952e-05
495,673,0,1,0,1,0,38,2,170061.92,2,0,0,134901.34,5,954,31.54,-1.8193432633871074
496,765,1,0,0,0,1,36,8,92310.54,2,1,1,72924.56,3,547,32.47,7.767322778457781e-06
497,622,0,1,0,1,0,32,6,169089.38,2,1,0,101057.95,5,238,30.38,6.9615866851427905e-06
499,757,1,0,0,0,1,26,8,121581.56,2,1,1,127059.04,5,595,38.95,2.6870531769773095e-05
523,527,0,0,1,0,1,37,5,93722.73,2,1,1,139093.73,3,453,27.03,-8.74604822757671e-05
524,696,1,0,0,0,1,32,8,101160.99,1,1,1,115916.55,4,694,34.94,6.936878016666808e-05
541,833,0,1,0,0,1,37,8,151226.18,2,1,1,136129.49,3,633,33.33,-8.359620031793348e-05
553,685,0,0,1,1,0,25,10,128509.63,1,1,0,121562.33,3,560,31.6,0.00012478105704535742
555,574,1,0,0,0,1,33,3,129834.67,1,1,0,193131.42,5,470,26.2,-4.0258567172136466e-05
557,587,1,0,0,0,1,40,5,138241.9,2,1,0,159418.1,5,403,30.53,-0.00014085842355908765
563,607,0,0,1,0,1,36,8,158261.68,1,1,1,76744.72,5,863,39.63,8.456459416684237e-05
569,737,1,0,0,0,1,31,5,121192.22,2,1,1,74890.58,2,815,27.65,5.004171340668622e-05
573,745,0,1,0,0,1,35,9,92566.53,2,1,0,161519.77,4,742,36.92,-9.876087078730137e-05
577,439,0,0,1,1,0,32,3,138901.61,1,1,0,75685.97,4,913,27.630000000000003,0.00012181470372453817
578,755,0,1,0,0,1,30,4,123217.66,2,0,1,144183.1,3,786,28.86,-3.132285079550764e-05
582,607,0,0,1,1,0,33,2,108431.87,2,0,1,109291.39,5,647,30.47,-0.2547981749008106
602,762,0,0,1,1,0,26,7,123709.46,2,1,1,169654.57,4,669,35.19,-2.865841934867865e-05
605,702,0,1,0,0,1,37,10,150525.8,1,1,1,94728.49,4,541,36.41,5.215288087677781e-05
611,495,0,1,0,0,1,30,10,129755.99,1,0,0,172749.65,2,753,30.53,1.3214202662306718e-05
615,688,1,0,0,0,1,26,8,146133.39,1,1,1,175296.76,4,866,36.66,4.57635930675473e-05
621,593,0,1,0,0,1,35,9,114193.24,1,1,0,71154.1,5,660,37.1,0.00010082018448922368
622,656,0,0,1,1,0,40,10,167878.5,1,0,1,151887.16,5,806,42.06,-4.926348027788573e-05
627,427,0,1,0,0,1,29,1,141325.56,1,1,1,93839.3,5,589,26.39,0.0001250518341798106
640,785,0,1,0,1,0,36,4,135438.4,1,0,0,190627.01,4,834,28.34,-6.389615076736421e-05
656,498,1,0,0,0,1,25,8,121702.73,1,1,1,132210.49,4,793,35.93,0.00011089976114080003
684,749,1,0,0,1,0,40,8,141782.57,2,0,0,86333.63,3,678,31.78,-4.558307513290416e-05
685,583,0,1,0,0,1,24,9,135125.28,1,0,0,89801.9,5,304,33.54,0.00017515248300281996
687,715,0,1,0,1,0,31,2,112212.14,2,1,1,181600.72,5,641,30.41,-8.906917799208591e-05
710,686,0,1,0,1,0,34,3,123971.51,2,1,0,147794.63,5,410,27.6,-7.19008493555509e-05
724,776,0,1,0,1,0,38,2,169824.46,1,1,0,169291.7,5,844,28.44,-5.401767419948759e-05
725,694,0,1,0,0,1,36,3,97530.25,1,1,1,117140.41,5,522,28.72,3.1903427715664755e-05
742,546,0,1,0,0,1,24,8,156325.38,1,1,1,125381.02,2,494,26.94,0.00012877035757046754
747,844,0,1,0,0,1,18,2,160980.03,1,0,0,145936.28,5,821,28.21,0.00015577866796102075
756,803,0,1,0,0,1,31,9,157120.86,2,1,0,141300.53,3,963,36.13,-3.65325085205635e-05
757,664,1,0,0,1,0,36,2,127160.78,2,1,0,78140.75,5,705,29.05,9.673238223570636e-07
759,633,0,1,0,1,0,37,9,156091.97,1,1,0,72008.61,5,519,35.69,8.177127289906488e-05
762,693,0,1,0,1,0,35,5,124151.09,1,1,0,88705.14,5,854,33.04,1.5588792277949401
780,679,0,0,1,1,0,35,8,119182.73,1,0,0,121210.09,3,369,26.69,3.556552932010833e-05
796,761,1,0,0,0,1,36,8,108239.11,2,0,0,99444.02,4,954,37.54,-2.6804328238156784e-05
805,850,0,1,0,0,1,39,4,127771.35,2,0,1,151738.54,4,404,28.04,-0.00012187962150182764
810,657,0,1,0,1,0,37,6,95845.6,1,1,0,122218.23,5,517,31.17,1.631634054686652e-05
814,421,1,0,0,0,1,28,8,122384.22,3,1,1,89017.38,4,237,34.37,-0.465011183864208
829,630,1,0,0,1,0,31,2,112373.49,2,1,1,131167.98,3,888,26.880000000000003,-2.3323378979147597e-05
834,634,1,0,0,0,1,37,3,111432.77,2,1,1,167032.49,4,558,28.08,-0.00012388238002771792
858,741,0,0,1,0,1,39,7,143637.58,2,0,1,174227.66,4,437,32.87,-0.0001511971871050023
859,456,0,0,1,0,1,32,9,147506.25,1,1,1,135399.21,3,454,31.04,4.397053591903426e-05
876,501,0,1,0,1,0,39,9,117301.66,1,0,0,182025.95,5,721,37.71,-7.95859384357351e-05
883,565,0,1,0,0,1,36,6,106192.1,1,1,0,149575.59,5,237,28.37,-1.0380152855775077e-05
904,568,0,1,0,0,1,28,5,145105.64,2,1,0,185489.11,5,975,36.25,-6.723579680422143e-05
909,685,0,0,1,0,1,31,10,135213.71,1,1,1,125777.28,4,444,35.44,6.548147617915141e-05
911,604,0,1,0,0,1,36,6,116229.85,2,1,1,79633.38,3,684,30.84,-9.785183424882826e-07
915,569,0,1,0,0,1,35,10,124525.52,1,1,1,193793.78,5,693,40.93,-5.905698562469582e-05
928,639,1,0,0,0,1,38,5,130170.82,1,1,1,149599.62,4,577,29.27,-2.8346423067252793e-05
941,710,0,0,1,0,1,35,1,106518.52,1,1,1,127951.81,4,939,26.89,2.677679866376273e-05
967,563,0,1,0,1,0,34,6,139810.34,1,1,1,152417.79,5,254,30.54,3.849604497094217e-06
974,750,0,0,1,1,0,38,7,97257.41,2,0,1,179883.04,3,324,28.74,-0.00014960225681615288
975,730,0,1,0,0,1,34,5,122453.37,2,1,0,138882.98,4,822,31.72,-6.028332570377921e-05
989,659,0,0,1,0,1,31,7,149620.88,2,1,1,104533.51,5,417,35.67,1.1398202902704085e-05
994,661,0,0,1,1,0,28,7,95357.49,1,0,0,102297.15,5,508,32.58,0.00012299337126892926
1022,485,0,0,1,0,1,32,6,102238.01,2,1,1,194010.12,4,784,34.84,-0.00011421395695251156
1034,645,0,1,0,0,1,29,1,130131.08,2,0,1,196474.35,4,846,27.96,-9.052399337149799e-05
1045,670,0,1,0,1,0,38,4,119624.54,2,1,1,110472.12,4,732,31.32,-5.911587048015086e-05
1046,588,0,0,1,0,1,34,6,121132.26,2,1,0,86460.28,3,468,26.68,8.056651420516676e-06
1080,664,0,1,0,0,1,32,10,107209.73,1,1,1,112340.2,2,739,32.39,7.40310291005932e-05
1091,539,1,0,0,1,0,34,4,91622.42,1,1,1,136603.42,5,714,32.14,2.4465743765677306e-05
1127,663,0,0,1,1,0,33,8,122528.18,1,1,0,196260.3,4,261,28.61,-4.433747931562898e-05
1132,500,0,0,1,0,1,37,9,125822.21,1,1,0,111698.0,5,266,33.16,3.003086264401777e-05
1136,733,1,0,0,0,1,31,6,157791.07,2,0,0,177994.81,5,845,36.45,-8.436839365796596e-05
1142,617,0,1,0,0,1,40,5,190008.32,2,1,1,107047.92,4,486,30.36,-7.258691325543564e-05
1170,653,0,1,0,1,0,38,8,102133.38,1,1,1,166520.96,3,795,32.95,-5.040564528420141e-05
1180,807,1,0,0,1,0,31,1,93460.47,2,0,0,172782.69,5,597,26.47,-7.757370048937516e-05
1187,670,0,1,0,1,0,35,3,103465.02,2,1,1,174627.06,3,671,26.21,-0.00011584797043614648
1190,701,0,1,0,0,1,40,5,169742.64,1,1,1,153537.55,4,840,31.9,-1.0283510876100646
1199,584,0,1,0,0,1,38,9,104584.16,1,1,0,176678.72,4,565,33.15,-6.364763942097972e-05
1201,772,1,0,0,0,1,30,6,99785.28,2,0,0,197238.03,3,410,26.1,-0.00010048702399778678
1204,463,0,1,0,0,1,35,2,101257.16,1,1,1,118113.64,4,900,28.0,3.96021646358499e-05
1221,725,1,0,0,1,0,33,7,115182.84,2,1,1,177279.41,2,470,27.2,-0.00010137071830225584
1242,519,0,1,0,1,0,21,1,146329.57,2,1,1,194867.27,5,398,26.48,-1.6689174762447775e-05
1251,548,1,0,0,0,1,32,5,175214.71,1,1,1,155165.61,5,574,32.24,1.820239876032855e-05
1252,588,1,0,0,1,0,40,10,125534.51,1,1,0,121504.18,5,801,40.01,-0.19311397429741317
1263,665,0,0,1,1,0,40,1,173432.55,1,0,1,116766.79,5,870,29.2,-3.479396619531461e-06
1275,562,0,0,1,0,1,32,6,161628.66,1,1,0,91482.5,5,561,31.61,0.00010122182127393463
1276,719,0,1,0,0,1,32,9,146605.27,1,1,1,77119.45,2,603,29.53,0.00011994597146908137
1288,698,0,0,1,1,0,39,9,161993.89,1,0,0,90212.38,3,515,29.65,4.0105288332438596e-05
1291,653,1,0,0,0,1,31,9,143321.97,1,1,0,83679.46,3,495,29.45,0.0001203615959704389
1296,534,0,0,1,1,0,33,3,151233.62,1,0,0,199336.63,5,472,26.22,-4.834788552947883e-05
1309,710,0,1,0,0,1,33,10,118327.17,2,1,1,192928.82,1,809,32.09,-0.00012177181022252562
1312,850,0,1,0,1,0,37,7,153147.75,1,1,1,152235.3,5,867,38.17,-2.28149113180391e-05
1338,710,1,0,0,1,0,30,10,133537.1,2,1,0,155593.74,1,464,26.64,-4.619814101469847e-05
1345,460,1,0,0,1,0,40,6,119507.58,2,1,0,91560.63,5,766,35.66,-1.0479957244648024
1395,561,0,1,0,0,1,29,9,120268.13,1,1,1,173870.39,5,566,38.16,2.0720640635173106e-05
1401,684,0,1,0,1,0,27,9,122550.05,2,0,1,137835.82,2,807,33.57,3.8540905991344525e-06
1415,485,1,0,0,1,0,30,5,156771.68,1,1,1,141148.21,5,644,32.94,5.441089201052436e-05
1416,799,1,0,0,0,1,28,7,167658.33,2,1,1,111138.25,5,938,40.88,2.969045979018758e-05
1447,637,0,1,0,0,1,33,2,145731.83,1,0,1,109219.43,4,721,26.21,6.913189682636316e-05
1451,632,0,0,1,0,1,31,3,136556.44,1,1,0,82152.83,4,964,28.14,2.447157585107829
1456,686,1,0,0,0,1,35,2,109342.82,2,0,1,86043.27,5,663,30.63,-3.6719241091255905e-07
1477,756,0,1,0,1,0,26,5,101641.14,2,0,1,154460.68,5,351,32.01,-8.851158466864678e-06
1490,609,0,1,0,1,0,39,8,141675.23,1,0,1,175664.25,4,440,32.4,-7.129261450408654e-05
1499,595,1,0,0,1,0,25,7,106570.34,2,0,1,177025.79,3,506,30.56,-2.930031521241104e-05
1517,646,0,1,0,1,0,37,7,96558.66,1,0,0,163427.18,3,493,26.43,-3.7405018717655394e-05
1531,611,0,1,0,1,0,26,2,107508.93,2,1,1,120801.65,4,720,28.2,3.502787371243911e-05
1536,764,0,0,1,1,0,33,9,168964.77,1,0,1,118982.51,2,915,32.65,5.640442067838394e-05
1540,558,0,1,0,0,1,38,8,113000.92,1,1,1,152872.39,2,784,29.84,-3.261291500553684e-05
1543,530,0,1,0,1,0,33,4,129307.32,1,1,1,172930.28,5,741,32.41,-1.3923688474841213e-05
1555,628,0,1,0,0,1,34,4,158741.43,2,1,1,126192.54,3,983,30.83,-4.3739645593879296e-05
1567,524,1,0,0,1,0,37,9,127480.58,2,1,0,179634.69,2,512,28.62,-0.00014031102753568302
1575,678,1,0,0,0,1,23,10,115563.71,1,1,1,91633.53,3,297,30.97,0.00018173218110273265
1579,715,0,1,0,0,1,28,7,160376.61,1,0,0,196853.11,5,987,37.37,-2.7292641062245386e-07
1582,445,1,0,0,1,0,34,7,131082.17,2,1,1,70618.0,4,802,36.52,2.870917509435817e-05
1586,538,0,1,0,0,1,33,6,93791.38,1,1,1,199249.29,5,718,35.18,-4.823402619750935e-05
1591,632,0,0,1,1,0,39,5,97854.37,2,1,0,93536.38,4,271,26.21,-4.6005347895458444e-05
1619,697,0,1,0,0,1,27,8,141223.68,2,1,0,90591.15,1,900,28.0,6.544381541385993e-05
1620,656,0,1,0,0,1,18,10,151762.74,1,0,1,127014.32,2,778,32.78,0.0001804459650202497
1636,516,0,1,0,1,0,33,7,127305.5,1,1,1,120037.36,4,924,35.74,5.502928309734434e-05
1649,698,1,0,0,1,0,40,8,150777.1,1,1,0,114732.62,3,981,32.81,-8.275848802099695e-07
1652,634,0,0,1,0,1,31,9,108632.48,1,1,1,179485.96,5,760,40.1,-0.09070348073959959
1660,680,0,0,1,1,0,31,9,119825.75,2,1,1,101139.3,5,307,37.57,1.582300806831089e-05
1681,705,0,0,1,0,1,39,6,133261.13,1,1,1,78065.9,4,344,28.44,5.593984407528889e-05
1693,602,0,1,0,0,1,23,7,113758.48,2,0,0,84077.6,4,719,33.69,0.00010980498386813314
1695,541,0,1,0,0,1,37,9,118636.92,1,1,1,73551.44,2,771,31.21,7.975998834281963e-05
1711,828,0,0,1,0,1,28,8,134766.85,1,1,0,79355.87,3,738,30.38,0.00015290038770268918
1712,850,1,0,0,0,1,30,5,123210.56,2,1,1,102180.27,4,749,32.99,2.3433436869105003e-05
1727,776,1,0,0,0,1,38,5,112281.7,1,0,1,89893.6,4,962,33.12,4.948833250586253e-05
1746,529,0,1,0,0,1,30,2,116295.29,1,1,0,75285.47,4,997,26.97,0.00014027175276251627
1751,601,1,0,0,1,0,33,7,114430.18,2,1,1,153012.13,2,976,32.26,-6.973508411956622e-05
1752,541,0,1,0,0,1,29,7,127504.57,1,0,0,86173.92,4,647,30.97,0.00013504467876524848
1761,521,0,1,0,0,1,38,5,110641.18,1,0,1,136507.69,4,815,31.65,-0.22559822386354805
1762,662,0,1,0,1,0,36,4,166909.2,2,1,0,138871.12,5,970,34.7,-1.5641343731346335
1773,656,1,0,0,0,1,27,4,118627.16,2,1,1,160835.3,4,563,29.63,-2.6128797292383906e-05
1775,439,0,1,0,0,1,28,7,110976.23,2,1,0,138526.96,4,566,32.16,-6.014374467948175e-06
1776,549,0,1,0,1,0,38,8,107283.4,1,0,0,157442.75,4,555,31.55,-3.8570988470844725e-05
1786,713,1,0,0,0,1,40,3,114446.84,2,1,1,87308.18,4,391,26.41,-4.685353096036978e-05
1803,683,0,0,1,1,0,24,8,98567.1,1,1,0,187987.01,1,987,26.87,4.7155104551376615e-05
1813,850,1,0,0,1,0,33,7,134678.13,1,1,0,113177.95,3,596,27.46,6.397143835615716e-05
1823,850,0,0,1,1,0,31,4,91292.7,1,1,1,162149.07,5,956,34.56,1.8065999742995045e-05
1825,798,0,1,0,1,0,37,4,111723.08,1,1,1,83478.12,4,778,29.78,6.681923778780808e-05
1828,425,0,0,1,1,0,22,7,169649.73,2,0,1,136365.0,2,619,28.69,1.012227814466837
1849,518,1,0,0,1,0,35,8,141665.63,1,0,1,192776.64,3,701,32.01,-5.773100805520387e-05
1851,785,1,0,0,1,0,33,5,136624.6,2,1,1,169117.74,3,368,26.18,-9.073089354893232e-05
1853,698,0,0,1,0,1,38,10,95010.92,1,1,1,105227.86,4,227,33.27,2.9498080618454876e-05
1862,565,1,0,0,1,0,38,2,158651.29,2,1,1,179445.28,4,805,29.05,-0.000149031578305013
1864,731,0,0,1,0,1,25,8,96950.21,1,1,0,97877.92,5,448,33.480000000000004,0.00015565684248949606
1870,652,1,0,0,0,1,33,7,128135.99,1,1,0,158437.73,5,671,34.21,4.969282231984518e-06
1875,529,0,0,1,0,1,35,5,95772.97,1,1,1,112781.5,5,619,32.69,4.655331987248484e-05
1888,613,0,0,1,0,1,34,8,117300.02,1,1,0,139410.08,5,572,34.72,2.0806888342441295e-05
1890,665,0,1,0,1,0,23,9,143672.9,1,1,1,115147.33,3,640,32.9,0.00015107880853502302
1896,776,0,1,0,1,0,29,7,178171.04,2,1,1,115818.51,5,977,41.27,1.4621645074077489e-05
1906,535,1,0,0,0,1,20,9,134874.4,1,1,1,118825.56,2,640,29.9,0.00017318616129612666
1923,625,0,1,0,0,1,36,9,108546.16,3,1,0,133807.77,5,330,37.8,-3.067741699994123
1924,717,0,1,0,0,1,36,2,148061.89,1,1,0,179128.69,5,969,29.69,-0.9781800661756539
1928,729,1,0,0,0,1,36,8,152899.24,2,1,0,177130.33,4,625,34.25,-0.00012807878850576904
1931,536,1,0,0,0,1,23,6,92366.72,2,1,0,120661.71,2,733,26.33,6.211272001082087e-05
1932,573,0,1,0,1,0,26,4,129109.02,1,0,0,149814.68,4,743,27.43,1.5797366024166324
1937,728,1,0,0,1,0,33,9,150412.14,2,1,0,170764.08,2,499,28.49,-9.287711718752424e-05
1939,518,0,1,0,0,1,38,3,90957.81,1,0,1,162304.59,4,846,28.96,-4.4909044968926416e-05
1940,739,0,1,0,0,1,37,7,104960.46,1,0,1,80883.82,5,384,33.34,7.020125364455638e-05
1946,734,0,1,0,0,1,22,5,130056.23,1,0,0,121894.31,4,830,29.8,3.0251651050776855
1947,648,1,0,0,0,1,34,3,95039.73,2,1,1,147055.87,3,681,26.31,-7.093777722267057e-05
1951,680,0,1,0,1,0,37,10,123806.28,1,1,0,81776.84,4,997,38.97,1.3808106978753865
1965,800,0,1,0,1,0,40,5,97764.41,1,1,0,98640.15,3,889,27.39,0.40304204724805215
1975,694,0,1,0,1,0,33,4,129731.64,2,1,0,178123.86,3,718,26.18,-0.00010247157143806552
1979,494,1,0,0,0,1,37,5,107106.33,2,1,0,172063.09,3,586,26.36,-0.0001304404376806332
1983,667,0,1,0,0,1,28,6,165798.1,1,1,0,147090.9,5,404,30.04,6.459874736914103e-05
1993,613,0,1,0,1,0,29,6,185709.28,2,1,1,77242.19,2,784,28.84,6.491102021766066e-05
2005,684,1,0,0,0,1,29,8,127269.75,1,0,1,79495.01,4,742,35.42,0.0001437515282143465
2014,705,1,0,0,0,1,35,4,136496.12,2,1,0,116672.02,5,427,29.27,-4.0295850689592926e-05
2017,696,0,1,0,0,1,28,4,172646.82,1,1,1,116471.43,4,441,26.41,0.00010451530793084549
2038,668,0,0,1,1,0,24,7,173962.32,1,0,0,106457.11,2,967,28.17,3.0689573744891434
2041,547,0,1,0,1,0,38,5,167539.97,1,0,1,159207.34,5,662,33.12,-4.087136674654898e-05
2042,840,0,1,0,1,0,39,1,94968.97,1,1,0,84487.62,5,932,27.82,4.75682760732853e-05
2053,689,1,0,0,0,1,26,4,120727.97,1,0,1,149073.88,5,915,34.15,7.99486125215845e-05
2061,737,0,0,1,0,1,38,6,146282.79,2,1,0,198516.2,5,703,35.03,-0.00017389306457983816
2067,545,1,0,0,0,1,37,9,110483.86,1,1,1,127394.67,5,233,34.83,9.568161014234844e-06
2070,629,1,0,0,0,1,28,8,108601.0,1,1,1,119647.7,1,756,26.56,0.00010037461660551147
2078,569,0,0,1,1,0,34,6,144855.34,1,0,0,196555.32,4,697,29.97,-5.368954916196804e-05
2082,456,1,0,0,0,1,32,9,133060.63,1,1,1,125167.92,2,655,30.05,5.730838621198058e-05
2125,704,0,1,0,0,1,32,7,127785.17,4,0,0,184464.7,1,981,31.31,-5.306764283734371
2128,710,1,0,0,0,1,34,9,134260.36,2,1,0,147074.67,5,257,35.07,-7.09622855286132e-05
2130,702,0,1,0,0,1,34,4,100054.77,1,1,0,109496.45,3,907,26.07,5.980329237933085e-05
2143,690,0,1,0,0,1,35,6,112689.95,1,1,0,176962.31,3,828,28.28,-3.711492093195255e-05
2144,819,0,1,0,0,1,38,9,122334.26,2,1,1,181507.44,1,586,28.36,-0.00015171987874025645
2148,665,0,1,0,0,1,33,2,101286.11,1,1,1,159840.51,5,770,29.7,3.1405715186786477e-06
2162,561,1,0,0,0,1,32,6,166824.59,1,1,0,139451.98,5,296,28.96,3.868721001079157e-05
2176,757,1,0,0,1,0,34,9,101861.36,2,0,0,187011.96,5,903,41.53,-0.00012302586647744586
2189,708,0,0,1,1,0,32,8,187487.63,1,1,1,120115.5,3,681,31.81,6.389488914338882e-05
2190,480,0,1,0,0,1,35,2,165692.91,1,1,1,197984.58,5,592,27.92,-6.45202520366223e-05
2193,845,0,1,0,0,1,33,8,164385.53,1,1,0,150664.97,5,588,34.88,1.5102110960620067e-05
2194,613,0,1,0,0,1,37,9,108286.5,1,1,1,114153.44,5,656,39.06,2.6829869306587974e-05
2201,701,0,1,0,0,1,37,8,130091.5,1,1,1,120031.29,1,902,28.02,1.916730834463748e-05
2202,600,0,1,0,0,1,35,4,143744.77,2,1,0,104076.51,4,797,29.97,-2.3875924488370163e-05
2203,850,0,0,1,0,1,28,9,97408.03,1,1,1,175853.64,3,962,36.12,2.7102681854925406e-05
2211,673,1,0,0,1,0,34,1,127122.79,3,0,1,76703.1,5,520,29.7,-6.100092302386299e-05
2213,741,1,0,0,1,0,37,8,170840.08,2,0,0,109843.16,1,947,28.47,-4.932846533134005e-05
2222,767,1,0,0,1,0,35,6,132253.22,1,1,0,115566.57,4,704,30.04,0.8584951204515707
2239,835,0,1,0,0,1,28,2,163569.61,2,1,1,154559.28,5,560,29.6,-2.691464061313703e-05
2255,679,0,1,0,0,1,36,6,147733.64,1,0,1,172501.38,5,982,37.82,-4.0266976009798274e-05
2267,617,1,0,0,1,0,37,4,116471.43,2,1,0,175324.74,3,984,28.84,-2.6939833567667937
2279,473,0,1,0,1,0,33,5,125827.43,1,0,1,145698.73,5,299,29.49,2.157626677468082e-05
2295,591,0,1,0,0,1,33,9,131765.72,1,1,0,118782.06,5,597,36.47,5.666573397233035e-05
2305,759,0,0,1,1,0,35,7,147936.42,1,1,1,106785.7,4,312,29.62,5.436964438155923e-05
2307,697,0,1,0,1,0,34,2,126558.92,1,1,0,73334.43,5,809,28.09,0.00010694530565923309
2312,645,0,1,0,0,1,19,9,128514.84,1,0,0,175969.19,5,796,38.46,0.00010765929459302358
2314,597,1,0,0,1,0,40,9,106756.01,2,1,0,151167.94,3,701,33.51,-0.00013010324029550562
2320,636,1,0,0,1,0,37,9,157098.52,1,1,1,153535.27,3,638,32.88,-2.450959549230466e-05
2326,762,0,0,1,0,1,29,10,115545.33,2,1,0,148256.43,3,931,37.31,-2.7665507452590155e-05
2333,439,0,1,0,1,0,29,6,156569.43,1,1,0,180598.66,2,939,26.39,1.194944384664285e-05
2340,651,1,0,0,0,1,26,5,147037.32,1,0,0,141763.26,5,637,30.87,8.947898015935248e-05
2342,717,0,1,0,1,0,25,7,108664.85,2,1,0,190011.85,3,433,27.83,-4.622937539692526e-05
2344,706,1,0,0,0,1,38,5,163034.82,2,1,1,135662.17,3,826,30.76,-9.19544583583004e-05
2354,554,0,1,0,1,0,26,7,92606.86,2,1,0,192709.69,3,675,30.25,-5.8713841396720734e-05
2360,663,1,0,0,0,1,32,3,108586.86,1,1,1,182355.21,5,723,30.73,-1.7242869072475875e-05
2366,701,1,0,0,0,1,32,5,102500.34,1,0,0,106287.77,5,763,32.13,8.192117836315316e-05
2374,616,0,1,0,0,1,31,3,94263.91,2,1,0,168895.06,5,499,28.49,-7.250565658343886e-05
2391,602,1,0,0,0,1,32,7,184715.86,2,1,0,113781.99,5,879,38.29,-9.625895503463023e-06
2405,631,1,0,0,0,1,37,8,138292.64,2,0,0,152422.91,3,647,31.47,-2.096841739173107
2410,654,1,0,0,0,1,37,2,145610.07,2,0,0,186300.59,5,458,26.58,-0.00014900091671561544
2414,815,1,0,0,1,0,25,8,135161.67,1,1,1,136071.05,3,784,32.84,0.00010586700658815447
2416,706,0,1,0,0,1,32,6,94486.47,1,1,1,146949.74,5,904,37.04,2.8912880438231222e-05
2422,653,1,0,0,1,0,25,2,158266.42,3,1,1,199357.24,4,630,29.3,-0.0001401896961099111
2462,637,0,1,0,0,1,40,8,125470.81,1,1,1,174536.17,4,658,34.58,-7.8789483808569e-05
2466,763,0,0,1,1,0,32,10,95153.77,1,0,1,81310.1,2,816,33.16,0.00011448290060214906
2471,689,0,0,1,1,0,31,3,139799.63,1,0,1,120663.57,5,964,33.14,7.214787879519909e-05
2485,850,0,1,0,0,1,39,6,96863.13,1,1,1,121681.19,4,883,33.83,-9.185001318872344e-07
2494,782,0,0,1,0,1,23,10,98052.66,1,1,1,142587.32,3,565,33.65,0.00011530712396152896
2502,691,1,0,0,1,0,38,5,114753.76,1,1,0,107665.02,4,490,26.4,2.632091769765435e-05
2504,476,0,1,0,1,0,32,6,111871.93,1,0,0,112132.86,3,988,29.880000000000003,7.430132442794091e-05
2526,505,0,1,0,0,1,34,10,104498.79,1,0,1,126451.14,3,244,30.44,3.7700593992000024e-05
2529,604,0,1,0,0,1,26,8,149542.52,2,0,1,197911.52,1,683,27.83,-6.549512017870784e-05
2535,717,1,0,0,1,0,35,5,103214.71,1,1,0,172172.7,4,880,30.3,-3.087102586675564e-05
2556,755,0,1,0,0,1,38,9,148912.44,1,1,0,80416.16,3,416,28.66,6.184343883950972e-05
2559,727,1,0,0,1,0,30,8,119027.28,2,1,1,137903.54,5,515,38.15,-2.3136607302695495e-05
2567,660,1,0,0,1,0,29,6,180520.29,1,1,1,123850.58,2,988,28.880000000000003,8.592813035168194e-05
2571,513,0,0,1,1,0,31,5,174853.46,1,1,0,84238.63,5,640,30.9,0.00011963264334097508
2591,848,0,0,1,0,1,22,7,120811.89,1,1,1,185510.34,5,295,32.45,6.831871792705866e-05
2596,633,0,1,0,0,1,29,10,130206.28,1,1,0,184654.87,5,957,41.57,6.6616334398660215e-06
2598,592,0,0,1,1,0,40,2,200322.45,1,1,1,113244.73,5,482,26.82,1.112078062817923e-06
2604,643,1,0,0,1,0,34,7,160426.07,1,0,1,188533.11,3,806,31.56,-4.323152910793995e-05
2614,630,0,1,0,0,1,26,7,129837.72,2,0,1,197001.15,1,716,26.66,-6.43083315361037e-05
2617,762,0,0,1,0,1,35,9,122929.42,2,0,0,149822.04,3,504,31.54,-8.351132048550103e-05
2621,603,0,1,0,0,1,35,6,128993.76,2,1,0,130483.56,4,733,32.33,-5.8301034086314144e-05
2626,567,1,0,0,0,1,29,5,129750.68,1,1,0,109257.59,3,886,27.36,0.0001049520379866393
2627,568,1,0,0,1,0,29,2,129177.01,2,0,1,104617.99,3,893,26.93,2.9223015865360998e-05
2649,745,0,1,0,0,1,21,4,137910.45,1,1,1,177235.23,3,923,28.23,8.8073898793048e-05
2659,670,1,0,0,0,1,40,2,164948.98,3,0,0,177028.0,3,955,27.55,-4.912098286103397
2666,612,1,0,0,0,1,30,9,142910.15,1,1,0,105890.55,5,763,38.13,2.0075794036299697
2670,614,0,1,0,1,0,19,5,97445.49,2,1,0,122823.34,5,596,32.46,9.516463497854822e-05
2680,520,0,0,1,1,0,35,4,115680.81,1,1,1,90280.7,5,275,27.75,7.588611191254302e-05
2689,558,1,0,0,0,1,32,4,108235.91,1,1,1,143783.28,4,801,30.01,3.3040783120943055e-05
2700,633,1,0,0,1,0,29,8,104944.1,1,1,1,97684.46,4,769,35.69,0.00012003915557990524
2703,622,0,1,0,1,0,30,4,107879.04,1,0,1,196894.62,5,623,31.23,-1.8261984132093625e-05
2707,696,0,1,0,0,1,22,9,149777.0,1,1,1,198032.93,3,873,35.230000000000004,5.199385266569409e-05
2725,453,1,0,0,1,0,38,8,120623.21,1,1,0,129697.99,5,364,32.64,-2.4019955780887393e-06
2737,741,1,0,0,0,1,36,8,116993.43,2,1,0,168816.22,3,612,31.12,-0.0001172402378929834
2745,694,0,0,1,0,1,38,7,121527.4,1,1,0,113481.02,4,582,30.32,1.8738986454988396e-05
2753,698,0,0,1,1,0,31,8,185078.26,1,0,0,115337.74,5,921,38.21,1.5818952529229806
2763,719,1,0,0,0,1,28,3,106070.29,2,1,1,183893.31,3,802,27.52,-6.515545879234963e-05
2768,598,1,0,0,1,0,27,10,171283.91,1,1,1,84136.12,5,508,39.08,0.00015563616659683337
2770,580,1,0,0,1,0,38,1,128218.47,1,1,0,125953.83,5,951,28.01,0.04958280019685718
2780,733,1,0,0,0,1,38,9,111347.37,2,0,1,194872.97,2,260,28.1,-0.00016914362865115556
2781,778,0,0,1,0,1,40,8,104291.41,2,1,1,117507.11,5,998,42.98,-8.622186157627117e-05
2784,597,0,1,0,1,0,33,6,135703.59,2,0,0,74850.84,3,438,26.38,3.215857589041911e-05
2785,821,1,0,0,1,0,37,5,106453.53,2,0,1,127413.0,5,798,36.48,-7.223309373997864e-05
2787,511,1,0,0,1,0,40,9,124401.6,1,1,0,198814.24,1,946,27.96,-2.2088941230743884
2829,527,0,0,1,0,1,33,9,132168.28,1,0,0,98734.15,3,399,28.49,8.280085693986051e-05
2844,666,1,0,0,0,1,38,6,99812.88,2,1,1,158357.97,2,671,27.71,-0.00012154145889084822
2848,529,0,0,1,0,1,38,7,99842.5,2,1,0,90256.06,4,220,28.7,-0.6552635930235128
2876,545,0,0,1,1,0,33,7,173331.52,1,1,0,150452.88,4,716,31.66,1.5378598546118174e-05
2881,694,1,0,0,1,0,37,8,98218.04,2,1,0,182354.46,3,964,34.64,-2.8772760618489066
2884,559,0,1,0,1,0,38,8,95139.41,1,1,1,86575.46,4,286,30.86,5.381397028673247e-05
2901,626,0,0,1,1,0,26,8,148610.41,3,0,1,104502.02,5,410,39.1,-0.5100404023901525
2906,680,1,0,0,0,1,32,7,175454.0,1,0,1,77349.92,2,772,28.22,0.00011964552310362447
2919,578,1,0,0,1,0,38,4,113150.44,2,1,0,176712.59,4,502,27.02,-2.9095285218845306
2925,499,1,0,0,1,0,29,6,148051.52,1,1,0,118623.94,4,662,29.62,9.274175227571352e-05
2928,632,0,1,0,0,1,32,6,111589.33,1,1,1,170382.99,4,782,32.82,-1.6354844675807e-06
2930,744,1,0,0,0,1,32,4,96106.83,1,1,1,79812.77,5,520,30.2,0.00011643486984348007
2932,638,1,0,0,1,0,37,7,124513.66,2,1,0,158610.89,4,705,33.55,-0.00011290370187207218
2952,763,1,0,0,0,1,31,7,143966.3,2,1,1,140262.96,4,647,34.97,-0.7036331343548905
2961,778,1,0,0,1,0,29,7,123229.46,1,1,0,181221.09,3,977,31.27,1.1138023374948814e-05
2963,550,0,1,0,0,1,38,9,140278.99,3,1,1,171457.06,5,230,38.8,-4.408124953279809
2966,499,1,0,0,0,1,36,5,131142.53,2,1,0,174918.46,5,941,35.91,-0.00012519532112995827
2977,729,0,1,0,0,1,39,4,121404.64,1,1,1,159618.17,3,797,26.97,-5.0374410364760994e-05
2984,523,1,0,0,0,1,35,8,138782.76,1,1,1,186118.93,4,249,30.49,-4.905179563195599e-05
3017,797,0,1,0,0,1,32,10,114084.6,1,0,1,125782.29,1,543,27.43,5.650747302464278e-05
3030,605,0,0,1,0,1,39,10,105317.73,2,1,0,138021.36,1,798,29.98,-0.00010399744894280547
3043,835,1,0,0,1,0,29,10,130420.2,2,0,0,106276.55,5,349,37.49,2.7060861827906374e-05
3047,658,1,0,0,1,0,31,3,133003.03,1,0,1,146339.27,3,879,26.29,0.7735623043298244
3068,806,1,0,0,0,1,31,10,138653.51,1,1,0,190803.37,3,662,32.62,-1.928869977673039e-05
3088,439,0,1,0,0,1,36,2,165536.28,2,1,1,123956.83,3,877,26.77,-5.876004350372325e-05
3108,597,0,0,1,1,0,30,2,119370.11,1,1,1,182726.22,4,851,27.51,0.004168485258174847
3128,776,1,0,0,0,1,33,8,115130.34,1,0,0,129525.5,4,658,32.58,0.8532472179767394
3133,615,0,1,0,0,1,39,4,133707.09,1,1,1,108152.75,5,358,28.58,1.67176246790708e-05
3135,694,0,1,0,0,1,34,5,127900.03,1,1,0,101737.8,5,325,27.75,6.99177268421765e-05
3140,645,0,1,0,1,0,40,3,129596.77,1,1,1,103232.6,4,897,29.47,1.4164224082871758e-05
3147,548,0,1,0,1,0,28,8,116755.5,2,1,1,158585.17,1,519,26.19,-0.6432906600931583
3149,648,0,1,0,1,0,39,6,130694.89,2,1,1,153955.38,2,912,30.12,-2.4955161282702085
3151,573,1,0,0,1,0,35,9,206868.78,2,0,1,102986.15,3,940,37.9,-2.2454494889031572e-05
3153,644,0,1,0,1,0,40,9,137285.26,4,1,0,77063.63,3,444,34.94,-3.9412593091482644
3176,586,0,1,0,1,0,35,7,164769.02,3,1,0,119814.25,3,290,28.4,-2.523516679395309
3178,528,0,1,0,1,0,27,7,176227.07,2,0,1,139481.53,1,875,28.25,1.7086882495182644e-06
3182,575,0,0,1,1,0,37,9,133292.45,1,1,0,111175.09,2,506,26.56,3.071254553021146e-05
3187,637,1,0,0,1,0,36,10,145750.45,2,1,1,96660.76,1,407,28.07,-2.3175977834019486e-05
3197,610,0,1,0,0,1,36,4,129440.3,2,1,0,102638.35,4,975,31.75,-3.0968563180795224e-05
3201,635,0,0,1,0,1,24,4,140197.18,1,1,1,142935.83,4,907,31.07,0.0001058853227702501
3217,579,1,0,0,0,1,31,6,139729.54,1,0,1,135815.38,4,664,31.64,5.239547480243112e-05
3227,603,1,0,0,0,1,35,1,105346.03,2,1,1,130379.5,5,701,29.51,-5.8165378005655304e-05
3228,691,0,1,0,0,1,26,9,136623.19,1,1,0,153228.0,3,550,30.0,7.453316337891196e-05
3236,684,0,0,1,0,1,34,9,100628.0,2,1,1,190263.78,2,451,30.01,-0.00012726504729820344
3242,621,1,0,0,1,0,31,8,100375.39,1,1,1,90384.26,5,467,35.67,0.00011162099545533801
3249,516,0,1,0,0,1,35,5,128653.59,1,1,0,127558.26,5,595,30.45,2.7289843546938666e-05
3253,641,0,1,0,0,1,31,10,155978.17,1,1,0,91510.71,4,990,38.9,0.00011015251773038939
3265,738,0,1,0,0,1,35,5,161274.05,2,1,0,181429.87,5,566,32.16,-0.00012471634005047254
3270,664,1,0,0,0,1,33,7,97286.16,2,1,0,143433.33,5,334,32.84,-5.7247841515156165e-05
3271,850,0,1,0,1,0,33,7,118004.26,1,1,0,183983.82,5,782,35.32,-2.833345124445228e-05
3283,584,0,1,0,1,0,39,2,112687.69,1,1,1,127749.61,4,857,27.57,-8.829494490831347e-06
3289,640,0,1,0,1,0,30,6,107499.7,1,1,1,187632.22,5,663,34.63,-6.187211102164264e-06
3297,568,1,0,0,1,0,26,10,109819.16,2,1,0,154491.39,2,865,33.65,-8.891193045348589e-06
3299,558,1,0,0,0,1,25,10,111363.1,2,1,0,197264.35,4,837,39.37,-5.5683975867598395e-05
3313,664,0,1,0,1,0,31,7,104158.84,1,1,0,134169.85,2,951,28.01,5.4540642498054254e-05
3344,474,0,1,0,0,1,37,3,98431.37,1,0,0,75698.44,4,972,28.22,7.696108765884374e-05
3345,565,1,0,0,0,1,33,8,130368.31,2,1,0,105642.43,3,860,33.6,-7.982366033989552e-06
3352,474,1,0,0,1,0,34,9,176311.36,1,1,0,160213.27,3,724,31.74,-6.312842779999573e-06
3361,844,0,1,0,0,1,38,7,111501.66,1,1,1,119333.38,5,962,39.12,1.1109655105722824e-05
3363,759,0,1,0,1,0,33,9,160541.36,2,0,0,93541.14,4,497,34.47,7.79327852026786e-06
3370,703,0,1,0,1,0,33,8,190566.65,1,1,1,79997.14,3,708,32.08,0.00010722704702121274
3373,652,0,1,0,1,0,37,4,92208.54,1,0,1,197699.8,3,822,27.22,-1.641761028953791
3389,599,1,0,0,0,1,25,7,108380.72,1,1,1,79005.95,1,933,26.83,0.00018025897092031703
3409,832,1,0,0,1,0,40,9,107648.94,2,1,1,134638.97,2,583,31.33,-0.00010855552467444505
3412,711,0,1,0,1,0,37,8,113899.92,1,0,0,80215.2,3,436,27.36,7.107288893813813e-05
3431,625,0,1,0,0,1,37,1,177069.24,2,1,1,96088.54,5,446,26.96,-3.1397484741759886e-05
3434,587,1,0,0,1,0,37,6,104414.03,1,1,0,192026.02,4,749,30.49,-7.46874187348502e-05
3440,746,0,1,0,0,1,36,7,142400.77,1,1,1,193438.69,4,452,31.02,-6.756155042974022e-05
3449,560,0,0,1,1,0,31,5,125341.69,1,1,0,79547.39,4,797,29.47,0.00012574829999896067
3454,619,1,0,0,0,1,40,9,103604.31,2,0,0,140947.05,1,923,29.73,-0.00011677894778882541
3457,713,0,1,0,0,1,33,6,94598.48,1,0,0,197519.66,5,621,32.21,-0.9196304380587814
3458,657,0,0,1,0,1,36,8,188241.05,2,0,0,183058.51,3,382,28.82,-2.716275033590288
3473,594,0,1,0,0,1,40,9,122417.17,2,0,1,190882.69,5,394,38.44,-0.0001818767106909093
3475,720,0,0,1,0,1,33,6,97188.62,1,0,0,91881.29,4,605,29.05,9.173447340059226e-05
3501,850,0,1,0,1,0,32,5,106290.64,1,1,0,121982.73,4,946,30.96,6.146070594630438e-05
3502,646,1,0,0,1,0,30,10,100548.67,2,0,0,136983.77,2,905,34.05,-2.193756450712001e-05
3508,761,0,1,0,0,1,36,9,127637.92,1,1,1,81062.93,2,860,32.1,7.893523183682302e-05
3514,790,0,1,0,1,0,33,10,135120.72,1,0,0,195204.99,3,522,31.22,-4.296174206327379e-05
3525,763,0,1,0,1,0,35,7,115651.6,2,1,1,104706.29,4,231,30.81,-2.4696926664781125e-05
3546,468,0,1,0,1,0,32,8,137649.47,1,0,0,198714.29,4,929,35.29,-3.8569110433079717e-05
3549,770,1,0,0,0,1,37,5,141547.26,2,0,1,180326.83,2,890,28.4,-0.00014121332428435884
3554,741,0,0,1,0,1,40,4,104784.23,1,1,0,135163.76,5,417,27.17,-0.5492734470055061
3562,699,1,0,0,1,0,31,10,125837.86,2,1,0,189392.66,1,409,26.09,-9.922701040731609e-05
3563,495,1,0,0,1,0,34,9,117160.32,1,1,1,116069.24,1,715,27.65,1.0247469246940752
3580,778,1,0,0,0,1,31,9,182275.23,2,1,0,190631.23,4,717,36.67,-0.00010084165149727978
3589,489,0,0,1,0,1,40,3,221532.8,1,1,0,171867.08,5,636,27.86,-7.530996921770114e-05
3595,652,1,0,0,1,0,37,9,145219.3,1,1,0,159132.83,4,910,36.6,-3.180676107805041e-05
3596,722,1,0,0,1,0,32,5,106807.64,1,1,1,76998.69,5,659,33.09,0.00012010339822576367
3605,610,0,1,0,0,1,33,4,111582.11,1,0,0,113943.17,4,692,26.92,6.297387208629595e-05
3606,588,1,0,0,1,0,34,10,129417.82,1,1,0,153727.32,3,300,29.0,2.1424575885301945e-06
3612,746,0,1,0,1,0,21,8,166883.07,2,0,1,194563.65,3,261,29.61,-1.6293365621474894e-05
3614,664,1,0,0,0,1,25,6,172812.72,2,1,1,108008.65,3,644,30.44,6.067272640475723e-05
3635,681,0,1,0,0,1,23,7,157761.56,1,0,0,147759.84,2,874,27.24,0.000108564054671413
3653,542,0,1,0,0,1,34,8,101116.06,1,1,0,196395.05,4,987,35.87,-5.348061585380743e-05
3655,542,1,0,0,0,1,33,8,142871.27,2,0,0,77737.86,1,888,27.880000000000003,2.8394960495611418e-05
3656,754,1,0,0,0,1,35,6,98585.94,2,0,1,106116.84,3,765,31.65,-2.6535766608787748e-05
3662,497,1,0,0,0,1,35,7,110053.62,2,1,1,92887.06,4,748,35.980000000000004,-9.288984917660287e-06
3663,632,0,1,0,1,0,28,5,118890.81,1,0,1,145157.97,3,756,28.06,6.711857927369507e-05
3689,679,1,0,0,0,1,35,1,110245.13,1,1,1,178291.09,5,728,27.78,-3.884716278144184e-05
3696,571,0,1,0,0,1,40,10,112896.86,1,1,1,121402.53,2,305,28.05,-9.522701629654634e-06
3700,749,0,1,0,0,1,37,10,185063.7,2,1,1,134526.87,5,765,43.65,-8.150697152699103e-05
3701,678,0,1,0,1,0,22,6,118064.93,2,1,1,195424.01,3,749,31.49,-2.6382431514706802e-05
3712,762,1,0,0,1,0,34,8,98592.88,1,0,1,191790.29,3,279,27.79,-0.9496014257605586
3721,473,1,0,0,0,1,40,8,152576.25,2,1,0,73073.68,4,310,31.1,-2.8296962825272017e-05
3727,749,1,0,0,1,0,29,7,137059.05,3,1,0,102975.72,5,859,40.09,-1.0083189222149684
3742,738,1,0,0,1,0,29,9,139106.19,1,1,0,141872.05,5,615,36.65,1.2487572755041252
3751,629,0,1,0,0,1,39,2,129669.32,2,1,0,82774.07,4,716,26.16,-3.197524225029747e-05
3755,535,0,0,1,0,1,35,8,118989.92,1,1,1,135536.72,5,895,39.95,1.6888857449558897e-05
3760,721,0,1,0,0,1,40,9,118129.87,1,1,1,160277.65,4,236,31.86,-6.020160240172966e-05
3763,590,1,0,0,1,0,40,2,117641.43,2,0,0,92198.05,5,574,27.74,-5.322812829970525e-05
3772,477,1,0,0,0,1,34,8,139959.55,2,1,1,189875.83,4,362,33.62,-0.00012675930276147848
3802,699,0,0,1,0,1,31,6,114493.68,1,0,0,138396.32,4,351,26.51,4.903087548650156e-05
3817,664,0,1,0,1,0,31,9,114519.57,2,0,1,79222.02,4,399,35.49,4.43951040081764e-05
3824,627,0,1,0,0,1,31,8,128131.73,1,1,0,96131.47,3,757,30.57,0.00010412874114702262
3834,609,1,0,0,0,1,38,6,140752.06,2,0,1,171430.16,2,765,28.65,-0.0001385828010110452
3835,734,0,0,1,1,0,39,6,92126.26,2,0,0,112973.34,5,872,36.72,-7.134401610151906e-05
3836,718,1,0,0,1,0,39,7,93148.74,2,1,1,190746.38,2,721,29.71,-0.000172731540484791
3846,712,0,1,0,0,1,34,8,114088.32,1,1,0,92794.61,4,319,29.19,8.157636708806676e-05
3853,746,0,1,0,0,1,36,9,127157.04,1,1,1,155700.15,3,948,35.980000000000004,-1.8364333187890315e-05
3856,708,1,0,0,0,1,32,3,151691.44,2,1,1,172810.51,5,463,30.13,-8.657743951933863e-05
3872,570,0,0,1,0,1,21,7,116099.82,1,1,1,148087.62,5,888,38.38,0.00012607169365344052
3876,704,0,0,1,1,0,37,9,155619.58,1,1,1,135088.58,5,788,40.38,-4.6187622910421336e-07
3880,778,0,1,0,1,0,33,9,151772.63,2,0,0,180249.94,5,708,39.58,-2.1049692454703903
3895,595,0,0,1,0,1,37,2,157084.99,1,1,0,134767.13,5,974,29.74,-4.282330648474609e-08
3947,511,0,1,0,1,0,31,5,137411.29,1,0,1,161854.98,3,644,26.94,1.8449385258668296e-05
3955,729,0,1,0,1,0,34,9,132121.71,1,0,1,105409.31,3,654,33.04,6.513142416391644e-05
3969,649,1,0,0,0,1,40,4,95001.33,1,0,1,123202.99,3,993,28.93,-1.1869841231644041e-05
3970,551,0,0,1,0,1,27,2,113873.22,1,1,1,85129.77,5,522,27.22,3.086970568280108
3974,711,0,0,1,0,1,38,3,128718.78,1,0,0,114793.45,4,862,27.12,1.7028059009869406e-05
3977,566,1,0,0,0,1,22,7,144954.75,2,1,0,102246.0,4,698,33.480000000000004,9.508752466624942e-05
3988,633,0,1,0,0,1,37,7,141546.35,1,1,1,124830.11,3,530,28.8,1.2911406816795266e-05
3989,644,1,0,0,1,0,32,8,141528.88,1,1,1,167087.34,1,863,27.630000000000003,0.05321935284437602
3990,666,0,1,0,0,1,30,7,109805.3,1,0,1,163625.56,4,957,36.07,2.5108670171229703e-05
4012,694,1,0,0,0,1,33,4,124067.32,1,1,1,77906.87,5,769,32.69,0.00010995199258837356
4017,480,0,1,0,0,1,40,6,148790.61,1,0,1,79329.7,2,883,27.83,4.532484036559533e-05
4032,688,0,0,1,0,1,37,7,138162.41,2,1,1,113926.31,2,612,28.62,-5.4651395619079294e-05
4057,655,0,0,1,1,0,28,3,113811.85,2,0,1,76844.23,5,890,34.4,7.439728607536835e-05
4059,557,0,1,0,0,1,39,8,146200.01,1,1,0,177944.64,2,779,27.79,-7.426540683325832e-05
4060,676,0,1,0,0,1,37,10,106242.67,1,1,1,166678.28,5,560,39.6,-4.16432609224407e-05
4073,810,0,1,0,1,0,38,9,153166.17,1,1,1,93261.69,2,474,28.24,4.509757824191638e-05
4086,520,0,1,0,0,1,34,4,134007.9,1,1,1,193209.11,5,523,30.23,-4.9327318394512514e-05
4107,671,0,0,1,0,1,34,10,153360.02,1,1,0,140509.86,4,761,36.61,1.9373178517465512e-05
4108,601,0,1,0,1,0,40,3,92055.36,1,0,1,164652.02,5,543,28.93,-1.3181494397284983
4109,709,1,0,0,1,0,39,9,124723.92,1,1,0,73641.86,2,526,26.76,6.170716991689891e-05
4116,580,0,1,0,1,0,23,5,113923.81,2,0,0,196241.43,4,590,29.4,-3.641551939425915e-05
4139,775,1,0,0,0,1,32,8,121669.23,1,0,1,125898.39,3,541,30.41,5.635612119911431e-05
4141,841,1,0,0,1,0,33,7,154969.79,2,1,1,99505.75,3,907,34.57,1.7614333658882986e-08
4153,757,1,0,0,0,1,31,8,149085.9,2,1,1,197077.36,2,376,27.76,-0.00010924504118800985
4161,627,1,0,0,1,0,37,7,147361.57,1,1,1,133031.96,1,916,26.66,2.2192020776859557e-06
4177,754,1,0,0,1,0,39,8,129401.87,1,1,1,87684.93,2,591,27.91,4.340015630342831e-05
4181,607,1,0,0,0,1,36,10,106702.94,2,0,0,198313.69,1,519,27.19,-0.00015569412189790117
4200,628,0,0,1,1,0,39,8,107553.33,1,1,0,117523.41,4,256,28.56,4.501720308644347e-06
4208,656,0,1,0,0,1,37,7,112291.34,1,1,0,153157.97,5,722,34.72,-2.4017734650169553e-05
4222,701,1,0,0,0,1,23,5,186101.18,2,1,1,76611.33,4,908,34.58,0.00011953826202823967
4226,648,0,0,1,0,1,36,8,146943.38,2,1,1,130041.45,3,780,34.8,-6.669215672204343e-05
4228,633,0,1,0,1,0,36,6,125130.28,1,0,0,125961.48,5,465,30.65,2.0403987167737766e-05
4236,595,0,1,0,0,1,29,6,150685.79,1,1,0,87771.06,4,480,27.8,0.00013296259388476163
4239,655,0,1,0,1,0,39,6,94631.26,2,1,1,148948.52,5,315,33.15,-0.00011824245853661735
4253,452,1,0,0,0,1,33,7,153663.27,1,1,0,111868.23,4,294,27.44,6.567883295504721e-05
4259,782,1,0,0,0,1,35,7,98556.89,2,1,0,117644.36,2,625,26.75,-4.1563425487477006e-05
4277,670,1,0,0,1,0,32,4,102954.68,2,0,1,134942.45,5,244,29.44,-3.7211375693143804e-05
4290,731,0,0,1,1,0,37,1,128932.4,1,1,1,180712.52,4,868,26.18,-5.993876345391806e-05
4296,476,1,0,0,1,0,34,8,111905.43,1,0,1,197221.81,3,832,33.32,-1.0912227127403529
4297,775,0,1,0,0,1,40,9,126212.64,1,1,0,70196.57,3,262,27.12,5.7231092719503456e-05
4299,602,0,1,0,0,1,38,7,111835.94,2,1,0,124389.61,3,855,32.05,-7.725917382445814e-05
4301,700,1,0,0,1,0,28,3,99705.69,2,0,0,146723.72,5,435,27.85,-1.669994371358688e-05
4311,784,0,1,0,0,1,38,5,136712.91,1,0,1,169920.92,4,707,30.57,-5.4837946341253465e-05
4322,651,0,1,0,0,1,34,4,91562.99,1,1,1,123954.15,5,609,31.09,4.0955753292829546e-05
4334,724,1,0,0,0,1,34,6,118235.7,2,0,0,157137.23,5,618,34.18,-8.408017377572472e-05
4337,580,1,0,0,0,1,38,9,115442.19,2,1,0,128481.5,3,681,33.31,-1.6519525508417494
4343,554,0,0,1,0,1,30,6,135370.12,1,1,1,179689.05,4,664,31.64,0.08335956329460355
4345,528,0,1,0,1,0,26,10,102073.67,2,0,0,166799.93,4,370,34.7,-2.4937015599957177e-05
4370,662,0,1,0,1,0,22,2,126362.57,2,1,1,97382.8,5,964,33.64,0.00010142735410561206
4394,775,1,0,0,1,0,38,6,179886.41,2,0,0,153122.58,3,724,29.24,-0.00011471643017548697
4395,479,1,0,0,0,1,24,6,107637.97,2,0,1,169505.83,5,456,34.56,-1.0529573029004064e-05
4407,637,1,0,0,1,0,27,7,135842.89,1,1,1,101418.05,3,483,28.33,0.00013310686725010603
4415,712,1,0,0,0,1,27,8,113174.21,2,1,0,147261.58,4,622,34.22,-8.433643965836485e-06
4418,608,0,0,1,0,1,27,4,153325.1,1,1,1,199953.33,3,778,26.78,4.652995527816096e-06
4420,587,1,0,0,1,0,32,3,125445.04,2,1,1,130514.78,3,764,27.14,-3.1439317662673565e-05
4423,648,1,0,0,1,0,28,8,90371.09,1,1,1,146851.73,4,842,36.42,6.491053734426281e-05
4428,771,0,1,0,1,0,23,7,156123.73,1,1,0,72990.62,3,769,29.19,0.00020603569929104242
4454,809,1,0,0,0,1,33,8,148055.74,1,0,0,199203.21,1,981,26.81,-4.817395477528409e-05
4460,672,1,0,0,1,0,23,10,110741.56,1,1,0,80778.5,4,455,33.55,0.00019588315962698922
4473,660,1,0,0,1,0,23,6,166070.48,2,0,0,90494.72,4,313,28.13,0.00010143941257928573
4476,640,0,1,0,0,1,40,8,110340.68,1,1,1,157886.6,4,778,35.78,-5.708455001215326e-05
4484,539,1,0,0,1,0,38,8,105435.74,1,0,0,80575.44,2,627,26.27,1.2327775583623481
4487,528,0,1,0,0,1,35,3,156687.1,1,1,0,199320.77,4,982,28.32,-6.62621538088262e-05
4522,560,0,0,1,1,0,27,7,124995.98,1,1,1,114669.79,5,457,34.07,0.00011583145777182438
4542,617,0,0,1,1,0,36,7,115617.24,1,1,1,71519.4,4,801,34.51,9.137649529492478e-05
4545,673,0,0,1,0,1,39,8,138160.0,1,1,1,110468.51,3,778,32.78,1.3698722840261292e-05
4562,562,1,0,0,0,1,31,4,127237.25,2,0,1,143317.42,4,938,33.38,-3.9161793476550544e-05
4577,697,0,0,1,1,0,40,7,130334.35,2,0,1,116951.1,4,850,37.0,-8.549702842801898e-05
4578,580,1,0,0,0,1,39,3,119688.81,1,1,0,137041.26,4,804,26.54,-2.0942398794634177e-05
4593,834,0,1,0,0,1,36,8,142882.49,1,1,0,89983.02,3,328,26.28,1.346201417106381
4631,489,1,0,0,0,1,38,2,126444.08,2,1,1,82662.73,4,526,26.26,-2.286262376755073e-05
4651,670,0,1,0,0,1,33,2,141204.65,2,1,0,76257.46,5,814,30.14,3.032485922526112e-05
4652,524,1,0,0,1,0,25,7,131402.21,1,0,0,193668.49,4,997,34.47,3.07810661078281e-05
4655,578,1,0,0,1,0,31,5,102088.68,4,0,0,187866.21,4,645,33.95,-5.216096745323255
4669,445,0,1,0,0,1,31,7,145056.59,1,1,1,175893.53,4,946,35.96,1.4826406769028467e-07
4673,756,0,1,0,1,0,23,1,112568.31,1,1,1,113408.11,5,965,30.15,0.00015334611363403776
4683,809,0,1,0,0,1,24,7,109558.36,1,1,0,183515.13,5,483,32.33,5.29847962098108e-05
4693,602,0,0,1,0,1,30,9,113672.18,2,0,0,102135.92,4,653,36.03,2.3491253005730223e-05
4694,543,0,1,0,1,0,32,7,147256.86,1,1,0,112771.95,3,932,30.82,7.34681854255552e-05
4696,669,0,1,0,0,1,37,1,125529.55,1,1,1,162260.93,5,720,27.7,-3.5884656387573e-05
4715,567,0,1,0,1,0,23,9,93522.2,1,0,1,81425.61,5,327,35.77,0.00019503956548557906
4718,627,1,0,0,0,1,38,8,106922.92,2,0,1,84270.09,5,305,36.05,-2.495803178031062e-05
4729,501,1,0,0,0,1,40,5,114655.58,1,0,0,126535.92,4,844,29.94,-1.6214759748944354e-05
4741,535,0,1,0,0,1,30,6,103804.97,1,1,1,125710.53,3,553,27.53,7.453596565328218e-05
4749,537,1,0,0,1,0,37,7,158411.95,4,1,1,117690.58,3,888,38.38,-4.462489946013748
4764,752,0,1,0,0,1,38,0,145974.79,2,1,1,137694.23,5,884,29.84,-9.460351943136985e-05
4793,756,0,0,1,0,1,19,4,130274.22,1,1,1,133535.29,4,546,27.46,0.00016297753946203374
4810,822,0,1,0,0,1,37,3,105563.0,1,1,0,182624.93,5,463,26.13,-6.243184480326242e-05
4813,672,0,1,0,0,1,31,6,91125.75,1,1,0,177295.92,4,597,28.97,-1.6799382286306287e-06
4827,794,0,1,0,0,1,24,10,146126.75,1,1,1,88992.05,1,431,26.31,0.0001762082304266289
4830,687,0,1,0,0,1,34,5,128270.56,1,1,0,191092.62,3,908,27.58,-4.656819156236155e-05
4834,762,0,1,0,0,1,32,10,191775.65,1,1,0,179657.83,2,914,32.14,-1.3726474695697606e-05
4846,655,0,1,0,1,0,36,2,147149.59,1,1,1,87816.86,5,680,28.8,7.013058381794767e-05
4848,534,0,1,0,1,0,23,5,104822.45,1,0,1,160176.47,5,915,35.65,9.237732239396741e-05
4855,706,1,0,0,0,1,23,2,93301.97,2,0,1,127187.04,5,963,33.63,5.3606082563141126e-05
4864,464,0,1,0,1,0,33,10,147493.7,2,1,0,100447.53,4,801,39.01,-1.2101214307355392e-06
4876,571,0,1,0,1,0,33,9,102017.25,2,0,0,128600.49,4,798,37.48,-3.791125743443656e-05
4879,793,0,0,1,0,1,29,8,96674.55,2,0,0,192120.66,4,558,33.58,-8.484837813217845e-05
4895,585,0,1,0,1,0,32,8,144705.87,2,0,0,171482.56,1,767,26.67,-8.484627968548405e-05
4922,526,0,0,1,1,0,33,8,114634.63,2,1,0,110114.38,2,624,28.24,-0.276256791084034
4938,577,0,1,0,0,1,36,3,121092.47,2,0,1,143783.46,4,702,29.52,-8.460669849577589e-05
4949,772,0,0,1,1,0,39,4,122486.11,2,1,1,140709.25,2,925,27.25,-0.00010750147183961592
4968,621,1,0,0,0,1,40,8,174126.75,3,1,0,172490.78,5,994,42.94,-4.793794950073987
4978,776,0,0,1,0,1,35,8,106365.29,1,1,1,148527.56,5,454,35.54,-4.643410210455334e-08
4979,540,1,0,0,0,1,35,7,127801.88,1,0,1,84239.46,5,830,37.8,8.376167351853394e-05
5018,746,1,0,0,0,1,34,6,141806.0,2,1,1,183494.87,3,236,26.36,-0.00011844087085257169
5026,728,0,1,0,0,1,37,3,122689.51,2,0,0,106977.53,4,950,30.0,-0.9119002857888233
5038,606,0,0,1,0,1,38,7,128578.52,1,1,1,193878.51,4,260,29.1,-8.606985832887066e-05
5050,784,0,0,1,0,1,38,10,122267.85,1,0,0,145759.93,5,510,37.1,-2.3340875341470105e-05
5059,714,0,1,0,0,1,37,9,148466.93,2,0,1,151280.96,3,936,37.86,-0.00010334816107538121
5072,676,0,1,0,0,1,35,5,106836.67,2,1,0,84199.78,3,871,29.21,2.0360425317529076e-06
5073,472,0,1,0,0,1,29,8,102490.27,1,0,1,181224.56,4,812,36.12,1.1133499767415789e-05
5074,644,1,0,0,0,1,34,9,112746.54,2,0,0,141230.07,3,615,32.65,-6.33430703737154e-05
5076,792,0,0,1,0,1,25,8,142862.21,1,1,1,130639.01,5,298,33.98,0.00011294839479094182
5082,610,0,1,0,1,0,31,6,107784.65,1,1,1,141137.53,4,998,34.980000000000004,4.545734286241142e-05
5084,653,0,0,1,1,0,38,9,149571.94,1,1,0,118383.18,1,896,27.46,1.2348367462459632e-05
5099,550,1,0,0,0,1,29,9,145294.08,2,1,0,147484.13,3,872,35.22,-2.665871145900164e-05
5103,662,0,0,1,0,1,20,9,104508.77,2,0,0,73107.53,5,944,41.94,0.0001510083482217305
5131,691,1,0,0,0,1,38,9,163965.69,2,0,1,103511.26,3,801,36.51,-5.004146162357868e-05
5134,479,0,0,1,0,1,37,6,118433.94,1,0,1,160060.9,2,956,28.56,-3.301662402997287e-05
5148,669,0,1,0,1,0,38,9,121858.98,1,1,0,130755.34,2,981,31.31,-3.780392242365355e-06
5170,651,1,0,0,0,1,31,7,138008.06,2,1,0,129912.74,3,423,27.73,-2.168700632215928e-05
5176,699,0,0,1,1,0,29,9,127570.93,2,1,0,164756.81,1,901,29.51,-4.917595219775188e-05
5182,661,0,0,1,1,0,35,5,128415.45,1,1,0,142626.49,5,969,34.19,7.646397224951646e-06
5197,719,0,1,0,1,0,22,7,114415.84,1,1,1,177497.4,2,739,27.89,7.876465330044375e-05
5206,756,0,1,0,0,1,28,8,179960.2,1,1,0,89938.08,4,372,29.72,0.00013910506641392508
5207,493,0,1,0,0,1,38,3,134006.77,1,1,0,89578.32,5,520,26.7,4.9899342011052994e-05
5208,777,1,0,0,1,0,37,10,121532.17,2,1,1,73464.88,4,440,37.4,-1.904528315100318e-06
5211,551,0,1,0,0,1,35,7,129717.3,2,0,0,86937.2,2,942,29.92,-1.5325493221498843e-06
5218,724,0,1,0,0,1,28,5,97612.12,1,1,1,96498.14,2,898,26.48,0.00013055315378191626
5221,571,1,0,0,0,1,37,9,139592.98,3,1,0,104152.65,5,923,43.73,-2.4738734112213936
5223,550,0,1,0,1,0,22,7,139096.85,1,1,0,129890.94,4,975,34.25,0.0001408260196049017
5229,751,0,1,0,0,1,29,10,147737.63,1,0,1,94951.27,4,298,33.98,0.00012360223306497097
5239,723,0,1,0,0,1,30,3,124119.54,1,1,0,162198.32,4,945,27.95,2.6969267754926824e-05
5244,780,1,0,0,1,0,37,10,95196.26,1,1,0,126310.39,3,834,34.34,0.21964427212734192
5249,669,0,1,0,0,1,39,3,119452.03,1,1,1,171575.54,4,784,28.34,-6.59624360152281e-05
5255,463,0,0,1,0,1,20,8,204223.03,1,1,0,128268.39,2,983,29.83,0.00016087617371081313
5259,728,0,1,0,0,1,38,1,115934.74,1,1,1,139059.05,5,672,27.22,-1.4605385068884903e-05
5267,811,0,1,0,0,1,31,7,117799.28,1,1,1,182372.35,4,885,35.35,-8.297741395447478e-06
5272,721,1,0,0,0,1,40,6,100275.88,1,1,0,138564.48,5,889,34.89,-0.6379437166644463
5280,652,0,0,1,1,0,40,7,100471.34,1,1,1,124550.88,3,840,31.9,-1.3626995513397311e-05
5283,822,0,1,0,0,1,32,8,116358.0,1,1,0,108798.36,4,898,34.980000000000004,7.86482896495141e-05
5303,701,0,1,0,0,1,39,9,140236.98,1,0,1,146651.99,2,342,26.92,-3.347126641014774e-05
5316,683,0,1,0,0,1,36,5,115350.63,1,1,1,122305.91,5,398,30.48,2.5169509931278402e-05
5317,654,0,0,1,0,1,40,5,105683.63,1,1,0,173617.09,5,250,27.0,-7.759134051996694e-05
5320,645,1,0,0,0,1,25,1,157404.02,2,1,0,93073.04,4,855,26.05,8.014328487918541e-05
5324,622,0,1,0,0,1,32,5,179305.09,1,1,1,149043.78,4,383,27.33,2.6183020173548917e-05
5325,654,1,0,0,0,1,31,5,150593.59,2,1,1,105218.45,2,937,28.87,1.050529231375092e-05
5333,710,0,0,1,1,0,29,3,119670.18,1,1,0,188022.44,4,913,27.630000000000003,2.2715570652331763e-06
5358,405,1,0,0,0,1,31,5,133299.67,2,1,1,72950.14,3,634,28.84,5.257133559728433e-05
5376,686,0,0,1,0,1,38,7,111484.88,1,1,1,76076.2,4,784,34.34,6.75011551936914e-05
5377,850,0,0,1,0,1,38,1,146343.98,1,0,1,103902.11,4,973,27.23,3.1226372459060856e-05
5379,606,1,0,0,0,1,27,2,130274.26,2,1,0,147533.09,5,915,31.15,-8.787593441712743e-06
5380,627,0,1,0,1,0,21,7,98993.02,1,1,1,169156.64,4,456,31.06,9.860541769223796e-05
5382,850,1,0,0,0,1,32,9,141827.33,2,1,1,149458.73,2,295,28.45,-5.61352816180556e-05
5404,590,0,0,1,0,1,22,7,125265.61,1,1,1,161253.08,5,851,38.01,9.99412897041342e-05
5415,495,0,1,0,1,0,40,1,140197.71,2,1,0,150720.39,4,970,27.2,-0.0001295197992144095
5421,695,0,1,0,0,1,28,5,171069.39,2,1,1,88689.4,3,739,29.89,5.8955528080579916e-05
5432,696,0,1,0,1,0,25,8,126442.59,1,1,0,121904.44,4,267,28.67,0.00012433507105886698
5439,679,0,1,0,0,1,34,7,160515.37,1,1,0,121904.14,2,932,27.82,4.362821458354096e-05
5447,665,0,1,0,0,1,28,8,191402.82,2,1,0,83238.4,4,320,31.2,6.606163317063703e-05
5457,659,1,0,0,0,1,34,9,134464.58,2,1,0,178833.34,3,413,30.63,-0.00011236394513977515
5471,617,0,1,0,0,1,25,1,102585.88,2,1,1,115387.4,5,779,30.29,5.105354223061325e-05
5472,704,1,0,0,1,0,39,10,102556.18,2,1,0,171971.25,3,906,37.06,-2.9652613737007076
5489,410,0,1,0,1,0,35,7,117183.74,1,1,1,109733.73,2,677,27.27,5.052649431943466e-05
5492,580,1,0,0,1,0,36,6,145387.32,2,1,1,169963.2,3,635,30.35,-2.374828319668702
5498,774,0,0,1,1,0,36,8,117152.3,1,0,0,101828.39,4,707,33.07,5.186468679859565e-05
5500,850,1,0,0,1,0,27,8,111837.78,2,1,1,110805.79,1,521,26.21,3.9091337667084644e-05
5503,614,0,0,1,1,0,40,3,113348.5,1,1,1,77789.01,5,407,27.57,4.7333335146589655e-05
5504,704,0,0,1,0,1,24,10,122109.78,1,1,1,127654.37,3,306,31.06,0.00012580674281969132
5505,786,0,1,0,0,1,32,2,120452.4,2,0,0,79602.86,4,709,26.09,3.493115635247602e-05
5530,691,0,1,0,0,1,34,8,133936.04,2,1,0,91359.79,1,861,27.61,1.6694870562191822e-06
5531,638,0,1,0,0,1,34,6,114543.27,1,1,1,97755.29,4,613,31.13,7.51094594751252e-05
5532,705,0,1,0,1,0,31,3,119794.67,1,0,0,182528.44,5,685,28.35,-8.50122551643573e-06
5536,648,1,0,0,1,0,32,8,157138.99,3,1,0,190994.48,5,984,42.84,-3.8413926080122747
5558,700,1,0,0,1,0,39,5,144550.83,2,1,1,189664.43,4,956,35.06,-0.0001713210744414618
5589,593,0,1,0,1,0,35,6,133489.12,2,1,1,78101.29,4,864,35.64,9.98623714387223e-06
5590,715,1,0,0,1,0,37,9,105489.31,1,0,0,143096.49,5,267,33.17,-0.21803598779465475
5628,654,0,1,0,0,1,29,4,132954.64,1,1,1,146715.07,3,810,27.1,5.612121991863114e-05
5645,738,0,0,1,1,0,37,8,100565.94,1,1,1,128799.86,3,503,30.03,7.73630854468846e-06
5649,525,0,1,0,0,1,35,7,165358.77,1,0,1,94738.54,2,694,27.44,7.007472326556812e-05
5670,648,1,0,0,0,1,33,7,135310.41,2,0,1,171668.2,3,231,27.81,-9.405575812203582e-05
5678,655,1,0,0,0,1,32,9,113447.01,1,1,0,82084.3,5,748,37.98,0.00011347362770530039
5680,778,1,0,0,1,0,33,4,111063.73,2,1,0,83556.65,5,544,30.44,2.080939211605291e-05
5681,757,1,0,0,1,0,30,6,161378.02,1,0,0,71926.28,5,878,34.78,2.893162744707461
5700,684,0,1,0,0,1,35,6,135871.5,1,1,1,87219.41,5,353,31.53,7.987691148163875e-05
5712,617,0,1,0,1,0,35,2,104508.1,1,1,1,147636.46,5,757,29.57,1.1152335269084547e-06
5713,660,1,0,0,0,1,35,9,113948.58,1,1,0,188891.96,3,959,34.09,-1.053388864159613
5734,829,0,1,0,1,0,22,7,150126.44,1,1,0,152107.93,5,502,32.52,2.2373760978166515
5739,653,0,1,0,0,1,38,8,119315.75,1,1,0,150468.35,3,978,32.78,-2.9478928419460704e-05
5741,620,1,0,0,1,0,34,8,102251.57,1,1,0,120672.09,4,663,32.63,4.523435598442243e-05
5751,747,1,0,0,0,1,37,9,135776.36,3,1,0,85470.45,4,965,41.15,-1.986754297674189
5752,645,0,1,0,0,1,40,6,131411.24,1,1,1,194656.11,4,323,28.23,-0.0001050185074823249
5758,681,0,1,0,0,1,32,3,148884.47,2,1,1,90967.37,5,300,28.5,2.011600273717516e-05
5761,528,0,0,1,0,1,23,7,104744.89,1,1,0,170262.97,5,517,32.67,7.92282251657779e-05
5767,556,0,1,0,0,1,40,5,125909.85,1,1,1,95124.4,4,280,26.3,2.4734343563921315e-05
5801,599,0,1,0,0,1,30,9,105443.68,1,1,1,121124.53,3,259,29.09,8.051442794332105e-05
5808,679,0,1,0,1,0,33,9,112528.65,2,1,0,177362.45,2,362,27.12,-0.00010147897201105759
5819,592,1,0,0,1,0,34,6,102143.93,2,1,1,102628.98,2,962,30.62,-1.3021404233419549e-05
5830,559,0,1,0,0,1,32,9,145303.52,1,1,0,103560.98,2,450,26.0,8.547591259513204e-05
5832,635,0,1,0,1,0,27,8,127471.56,1,1,1,152916.05,5,476,35.76,1.3195131690304154
5859,570,0,1,0,1,0,30,10,176173.52,1,1,0,97045.32,2,539,28.39,2.238209661132894
5876,512,0,1,0,1,0,33,6,121685.31,2,1,1,83681.97,4,973,36.73,2.064602079154622e-05
5879,604,1,0,0,0,1,36,10,113546.3,1,1,1,134875.37,1,582,27.82,8.78354337738569e-06
5887,607,1,0,0,0,1,40,5,90594.55,1,0,1,181598.25,4,762,31.12,-8.799584642724271e-05
5893,588,1,0,0,0,1,35,3,104356.38,1,1,0,94498.82,5,885,30.35,7.038723023900206e-05
5896,738,1,0,0,0,1,37,7,140950.92,2,1,0,195333.98,5,865,38.15,-0.00016077714468469838
5898,781,0,1,0,0,1,23,2,107433.48,1,1,0,173843.21,5,815,28.15,7.456090509833596e-05
5899,699,0,1,0,0,1,34,2,117468.67,1,1,0,185227.42,5,825,28.25,-3.892212156159052e-05
5904,570,0,1,0,1,0,29,4,153040.03,1,1,1,131363.57,3,762,26.62,1.5227550628272737
5915,754,1,0,0,0,1,27,7,117578.35,2,0,1,87908.01,2,662,29.12,6.894164605251996e-05
5925,738,0,1,0,1,0,39,1,94435.45,2,0,1,189430.86,5,474,27.24,-0.00017101658481279098
5929,578,1,0,0,1,0,36,8,129745.1,1,1,1,143683.75,2,594,27.94,-2.699354064030063e-06
5935,765,0,1,0,0,1,34,9,91835.16,1,0,0,138280.17,1,843,26.93,2.2279876638589937e-05
5939,850,0,0,1,0,1,38,7,115378.94,1,0,1,162087.82,3,348,26.98,-4.462645637960855e-05
5949,473,1,0,0,1,0,35,7,131504.73,1,1,0,189560.43,5,852,36.02,-5.353824961607477e-05
5959,540,0,1,0,1,0,40,3,165298.12,1,0,1,199862.75,4,656,27.06,-0.0001118060567404601
5966,724,0,1,0,1,0,30,9,142475.87,1,1,1,107848.24,3,399,30.49,9.782184161899052e-05
5968,773,0,0,1,0,1,37,2,103195.2,2,1,0,178268.36,4,890,27.9,-0.00013852983425597325
5982,634,1,0,0,1,0,37,7,143258.85,2,1,0,192721.98,2,760,28.1,-0.00015737205451863174
5991,573,0,1,0,1,0,32,9,125321.84,2,1,1,130234.63,3,428,32.78,-3.10741047951301e-05
6000,753,0,1,0,1,0,31,6,106596.29,1,0,0,91305.77,5,503,31.03,0.00011041968433782957
6034,612,0,0,1,1,0,36,5,119799.27,2,1,0,159416.58,5,288,29.38,-0.00010498655422967307
6035,655,0,0,1,0,1,37,8,163708.58,2,0,0,76259.23,2,959,31.59,-5.547336012477123e-06
6039,624,1,0,0,1,0,27,7,104848.68,1,1,1,167387.36,5,734,36.84,4.7107078297885294e-05
6056,479,1,0,0,1,0,23,9,123575.51,1,0,1,95148.28,3,787,34.37,0.00017715023597976836
6061,754,0,0,1,0,1,39,7,157691.98,2,1,0,133600.89,1,902,26.52,-1.964793776218232
6064,762,0,1,0,0,1,31,7,117687.35,1,1,1,159344.43,2,867,29.17,2.1722221826975574e-05
6066,691,1,0,0,1,0,37,7,123067.63,1,1,1,98162.44,5,958,39.08,0.9535730627500223
6080,609,1,0,0,0,1,31,9,103837.75,1,1,1,150218.11,2,718,30.68,3.3619596438146015e-05
6085,562,1,0,0,1,0,31,9,117153.0,1,1,1,108675.01,4,759,37.09,8.777656476813162e-05
6088,561,0,1,0,1,0,27,9,135637.0,1,1,0,153080.4,2,567,27.17,1.315227912138214
6095,589,0,1,0,1,0,31,10,110635.32,1,1,0,148218.86,5,728,39.28,3.622588530281244e-05
6106,617,0,1,0,1,0,34,0,131244.65,2,1,0,183229.02,5,933,28.33,-0.00011809429994114413
6108,703,1,0,0,0,1,35,5,140691.08,2,1,0,167810.26,3,811,28.61,-0.0001069613629920259
6110,581,1,0,0,1,0,26,3,105099.45,1,1,1,184520.0,5,877,32.27,0.6748311462191784
6112,648,0,1,0,0,1,23,9,168372.52,1,1,0,134676.72,4,883,36.33,0.00012561964550352232
6113,462,1,0,0,0,1,34,1,94682.56,2,1,0,138478.2,5,747,27.97,-5.975564101870248e-05
6136,497,0,0,1,0,1,37,8,128650.11,2,1,1,163641.53,1,525,26.25,-0.00011946181167031927
6137,780,0,0,1,1,0,33,6,145580.61,1,1,1,154598.56,4,610,31.1,9.974152068453912e-06
6141,488,0,1,0,1,0,31,8,97588.6,1,0,0,124210.53,2,712,27.12,6.752394364380872e-05
6152,727,0,0,1,1,0,31,10,96997.09,2,0,0,76614.04,2,550,30.5,4.7794953568397865e-05
6154,550,0,1,0,0,1,31,5,142200.19,2,1,1,122221.71,4,878,34.28,-1.166072354270928e-05
6164,488,1,0,0,1,0,28,7,139246.22,2,1,0,106799.49,2,645,26.95,3.5346611784415455e-05
6177,608,1,0,0,1,0,38,8,103653.51,2,1,1,137079.86,3,843,35.43,-9.3802606244032e-05
6178,731,1,0,0,0,1,37,3,116880.53,1,0,0,172718.35,5,782,29.32,-0.9903954628468118
6180,591,1,0,0,1,0,34,4,150635.3,1,1,1,72274.84,5,940,34.4,0.00010832662246209011
6182,570,0,1,0,0,1,39,10,129674.89,2,1,0,80552.36,3,723,35.230000000000004,-2.907894712286566e-05
6208,644,0,1,0,0,1,33,9,141234.98,1,1,0,95673.05,4,796,35.46,8.679140881863022e-05
6214,590,1,0,0,0,1,36,6,92340.69,2,1,1,174667.58,5,770,37.7,-0.00012486826560895414
6221,807,0,1,0,0,1,33,10,101952.97,2,1,0,178153.65,2,634,31.34,-0.00010251040667391818
6226,598,1,0,0,0,1,32,9,123938.6,2,1,0,198894.42,5,375,36.25,-0.0001205812930543949
6228,588,0,1,0,1,0,34,3,120777.88,1,1,1,131729.52,5,512,28.62,3.081952208129454e-05
6258,774,1,0,0,0,1,36,9,130809.77,1,1,0,152290.28,5,560,36.1,-1.3919113124886645e-05
6281,491,1,0,0,0,1,26,4,102251.14,1,1,1,145900.89,3,921,28.21,8.40850279297115e-05
6286,850,1,0,0,1,0,35,7,114285.2,1,0,1,129660.59,5,791,37.41,2.4549176162242317e-05
6291,555,0,1,0,1,0,27,8,102000.17,1,1,1,116757.0,5,586,36.86,0.0001131105013225457
6308,583,1,0,0,0,1,27,4,105907.42,2,1,1,195732.04,5,267,29.67,-7.162134943701787e-05
6313,658,1,0,0,1,0,28,9,152812.58,1,1,0,166682.57,2,790,29.4,3.9058394056038984e-05
6317,725,0,1,0,0,1,37,6,124348.38,2,0,1,176984.34,5,309,33.09,-0.00013685594303276008
6320,642,1,0,0,1,0,19,3,113905.48,1,1,1,176137.2,5,893,32.43,0.00010744027116316107
6324,550,0,1,0,0,1,34,8,122359.5,1,0,0,116495.55,2,702,27.02,5.06790325855648e-05
6328,667,0,0,1,1,0,36,3,121542.57,2,1,1,186841.71,5,252,28.02,-0.00014073886681240615
6332,629,1,0,0,0,1,35,8,112330.83,1,1,1,91001.02,3,556,30.56,7.494707877761915e-05
6343,581,0,1,0,1,0,37,10,104255.03,1,1,0,86609.37,2,559,28.59,6.27372360334068e-05
6348,637,1,0,0,0,1,35,8,147127.81,2,1,1,84760.7,2,792,31.92,1.3048085440231673e-06
6354,598,0,1,0,0,1,35,8,114212.6,1,1,1,74322.85,2,629,28.29,9.66892964862667e-05
6365,527,0,0,1,0,1,28,6,128396.33,2,1,0,79919.97,5,882,36.82,7.038764900516245e-05
6384,594,0,1,0,0,1,36,6,153880.15,1,0,0,135431.72,4,706,30.06,8.058266993813263e-06
6390,605,0,1,0,1,0,30,9,135422.31,1,0,1,186418.85,5,241,34.91,-4.605421571230012e-06
6393,611,0,0,1,1,0,28,3,96381.68,2,1,0,181419.29,3,855,26.05,-6.193024394830214e-05
6407,684,0,1,0,0,1,33,4,140700.61,1,1,0,103557.93,5,987,32.87,7.651241672497963e-05
6417,762,0,1,0,0,1,26,6,130428.78,1,1,0,173365.89,4,858,31.58,4.828073948751401e-05
6430,713,0,0,1,0,1,38,6,116980.78,2,0,1,76038.38,3,503,29.03,-1.422690055101803e-05
6433,615,1,0,0,1,0,33,3,137657.25,2,1,1,171657.57,4,676,29.26,-9.404190050011187e-05
6481,679,0,1,0,1,0,24,6,114948.76,2,0,1,135768.25,4,471,31.71,3.3451859545607727e-05
6494,661,0,1,0,0,1,35,9,100107.99,1,1,0,83949.68,3,661,31.11,8.413944037470655e-05
6499,613,0,1,0,1,0,27,5,125167.74,1,1,0,199104.52,3,819,26.69,5.75953250479121e-06
6510,738,1,0,0,1,0,40,1,115409.18,2,0,0,180456.8,5,925,29.75,-0.00016828517335879128
6513,487,0,1,0,0,1,24,7,133628.09,2,1,1,98570.01,4,223,30.73,8.194472371826706e-05
6522,700,1,0,0,0,1,35,4,95853.39,2,1,0,192933.37,5,862,33.62,-0.00013971268565742025
6526,728,0,1,0,0,1,34,4,106328.08,1,1,0,88680.65,5,709,30.09,8.69394623176194e-05
6527,574,0,1,0,1,0,34,7,152992.91,1,1,1,134691.2,5,705,36.55,2.695857742469566e-05
6535,622,0,0,1,0,1,27,9,139834.93,1,1,1,152733.89,2,972,33.22,6.620982967451323e-05
6536,652,0,1,0,1,0,36,6,112518.71,2,0,1,110421.31,4,826,35.26,-4.11146889690379e-05
6542,748,0,0,1,0,1,35,5,105492.53,1,1,1,150057.2,4,811,31.61,-2.0405237351911576e-06
6549,683,0,1,0,0,1,38,7,109346.13,2,1,0,102665.92,4,603,32.53,-4.893944825413659e-05
6564,643,1,0,0,0,1,25,4,115142.9,1,1,1,148098.95,5,908,34.08,9.018703568140378e-05
6575,785,1,0,0,1,0,38,9,107199.75,1,0,0,146398.51,5,237,32.87,-2.4173349490875497e-05
6577,823,0,1,0,0,1,37,5,164858.18,1,1,1,173516.71,5,970,36.2,-5.055806595472822e-05
6578,687,1,0,0,0,1,38,4,117633.28,1,0,1,88396.6,5,827,33.27,5.143987154820622e-05
6581,527,1,0,0,1,0,30,6,126663.51,1,1,1,162267.91,4,617,31.17,2.6878547913940394e-05
6584,727,1,0,0,0,1,21,8,153344.72,1,1,1,163295.87,5,279,33.79,0.00010624571259751298
6585,671,1,0,0,1,0,23,9,123943.18,1,1,1,159553.27,2,873,32.230000000000004,9.318974666329848e-05
6619,636,1,0,0,1,0,29,3,97325.15,1,0,1,131924.38,3,945,26.95,7.540285585597417e-05
6641,681,0,1,0,0,1,36,5,141952.07,1,1,1,185144.08,5,385,30.35,-5.6748420666203504e-05
6654,608,1,0,0,0,1,23,8,197715.93,2,1,1,116124.28,5,845,41.45,6.80278648317304e-05
6674,729,0,1,0,1,0,36,8,109106.8,1,0,0,121311.12,3,456,27.56,2.6466351296631176e-05
6678,642,0,0,1,0,1,26,8,144238.7,1,1,1,184399.76,3,649,31.49,3.389661918481204e-05
6682,602,0,1,0,0,1,31,7,155271.83,1,1,1,179446.31,4,836,34.86,-4.48325822947595e-06
6688,795,1,0,0,0,1,38,7,125903.22,2,1,1,127068.92,5,912,40.62,-8.075201154759902e-05
6691,573,1,0,0,0,1,30,8,127406.5,1,1,0,192950.6,4,927,35.27,-1.3120428344662511e-05
6695,651,1,0,0,0,1,37,9,114453.58,1,0,1,175820.91,4,403,33.53,-5.356189779264963e-05
6701,787,0,0,1,0,1,39,10,108935.39,1,1,1,101168.3,5,637,40.37,2.5822786245067744e-05
6702,653,0,1,0,0,1,37,7,135847.47,1,1,0,144880.81,5,529,32.79,-1.3227353287627425e-05
6708,607,1,0,0,1,0,39,8,105103.33,1,1,0,104721.5,4,697,32.97,0.42383551915477585
6715,825,0,1,0,1,0,36,3,146053.66,1,1,1,138344.7,5,347,26.97,4.260809278672068e-06
6729,804,1,0,0,1,0,33,10,138335.96,1,1,1,80483.76,4,442,35.42,0.00010659267298728801
6734,668,0,1,0,0,1,28,4,107141.27,1,1,0,193018.71,5,898,31.98,4.72572509503062e-06
6739,573,1,0,0,0,1,35,9,134498.54,2,1,1,119924.8,3,479,33.29,-4.4536282998313526e-05
6753,624,0,0,1,0,1,38,7,123906.55,1,1,0,135096.78,4,799,32.49,-9.440037973823357e-06
6757,473,0,1,0,1,0,39,9,117103.26,2,1,1,85937.52,2,324,28.74,-0.7220205191568349
6759,693,0,0,1,0,1,28,1,145118.83,1,0,1,77742.38,5,944,29.94,0.00015500378698754633
6772,747,1,0,0,0,1,29,7,117726.33,1,1,1,175398.34,5,942,38.92,1.87287541423548e-05
6785,728,1,0,0,1,0,32,9,127772.1,2,1,1,152643.48,5,658,41.08,-6.0287027753729674e-05
6793,606,0,0,1,0,1,34,3,161572.24,1,0,1,191076.22,3,893,26.43,-4.654681197632653e-05
6809,709,1,0,0,0,1,30,9,115479.48,2,1,1,134732.99,2,488,30.38,-1.9003372759807824e-05
6824,581,0,0,1,1,0,24,10,159203.71,1,1,1,102517.83,4,766,38.66,3.1716700411779817
6829,707,1,0,0,0,1,34,9,162691.16,2,1,0,94912.78,3,932,35.82,-2.9623090039389624e-06
6845,587,0,1,0,0,1,33,8,148163.57,1,0,0,122925.4,3,454,27.54,5.126433799657596e-05
6847,689,0,0,1,1,0,40,5,154251.67,1,0,1,118319.5,3,561,26.11,-5.503561072729524e-06
6852,527,1,0,0,1,0,39,9,96748.89,2,1,0,94711.43,2,534,28.84,-4.753718219853523e-05
6857,528,0,1,0,0,1,34,1,125566.9,1,1,1,176763.27,5,777,28.27,-2.7887973809250213e-05
6880,665,0,1,0,0,1,25,7,90920.75,1,0,1,112256.57,2,611,26.61,0.00013691235561495013
6895,690,0,0,1,0,1,26,8,116318.23,1,1,1,83253.05,2,713,29.13,0.0001657548380021906
6905,744,1,0,0,0,1,29,6,123737.04,2,1,0,141558.04,3,916,31.16,-1.893326322690908e-05
6915,702,0,1,0,0,1,40,7,145536.9,1,0,1,135334.24,3,715,30.65,-2.7684542639414212e-05
6917,654,0,1,0,1,0,24,8,145081.73,1,1,1,130075.07,3,814,33.14,0.0001226510377029235
6920,782,0,1,0,0,1,33,7,191523.09,1,1,1,167058.75,4,763,34.13,-6.269366475313971e-06
6930,628,1,0,0,0,1,39,1,115341.19,1,1,1,107674.3,4,887,26.37,0.34684430192756555
6931,751,0,1,0,0,1,30,3,165257.2,1,0,0,134822.05,5,485,26.35,6.265788481487508e-05
6942,501,1,0,0,0,1,25,6,104013.79,1,1,0,114774.35,5,629,32.29,0.00013363009377792136
6951,652,0,0,1,1,0,38,6,123081.84,2,1,1,188657.97,5,305,33.05,-0.00016104154772385692
6953,659,0,1,0,1,0,37,1,151105.68,1,1,1,140934.57,5,781,28.31,-8.082903434281819e-06
6974,659,1,0,0,0,1,39,8,106259.63,2,1,1,198103.32,3,296,29.96,-0.00018232229241677502
6981,644,1,0,0,1,0,34,10,122196.99,2,1,1,182099.71,4,530,38.3,-0.00011662209382497235
6992,518,1,0,0,0,1,29,9,125961.74,2,1,0,160303.08,3,586,32.36,-0.8674417995938571
7001,775,0,1,0,0,1,28,9,111167.7,1,1,0,149331.01,5,684,37.34,6.167846538908454e-05
7020,637,0,1,0,0,1,36,2,152606.82,1,1,1,71692.8,4,985,28.85,9.11504452816032e-05
7028,464,1,0,0,0,1,37,4,155994.15,1,0,0,143665.44,4,772,27.72,-1.1642956490103541e-05
7031,574,0,1,0,0,1,33,8,100267.03,1,1,0,103006.27,2,949,29.49,7.723157906839933e-05
7048,785,0,0,1,1,0,31,2,121691.54,2,0,0,81778.72,4,922,28.22,4.106210476331325e-05
7050,602,0,1,0,1,0,39,6,154121.32,2,1,0,176614.86,5,815,36.15,-3.0863387193483796
7056,620,0,1,0,1,0,33,9,127638.35,1,1,1,192717.57,2,466,28.16,-3.9719058533075715e-05
7060,669,1,0,0,1,0,35,4,108269.2,2,1,0,174969.92,5,404,29.04,-0.00011629493414760806
7062,603,1,0,0,1,0,35,9,145623.36,1,1,0,163181.62,2,669,28.19,-1.9149954622376488e-05
7076,778,0,1,0,1,0,34,7,109564.1,1,0,1,113046.81,2,758,28.08,5.5174924874738085e-05
7082,625,0,1,0,1,0,36,8,129944.39,2,0,0,198914.8,1,991,28.91,-0.0001564777489077497
7087,554,0,1,0,1,0,38,3,138731.95,1,1,1,194138.36,5,922,32.72,-8.640860744052929e-05
7101,650,0,0,1,0,1,24,8,108881.73,1,1,0,104492.83,3,853,31.53,0.000156000897522968
7107,646,0,1,0,0,1,40,5,93680.43,2,1,1,179473.26,4,298,28.48,-0.00016700299786800524
7110,670,0,1,0,1,0,39,8,101928.51,1,0,0,89205.54,5,290,31.9,4.141783847899393e-05
7119,715,0,1,0,0,1,32,8,175307.32,1,1,0,187051.23,3,672,29.72,-2.3364757097610724e-05
7120,621,0,1,0,0,1,31,7,136658.61,1,1,1,148689.13,4,564,32.14,3.561282567325799e-05
7121,796,0,0,1,1,0,23,3,146584.19,2,0,0,125445.8,4,802,28.52,5.5876021001411336e-05
7141,703,0,0,1,0,1,39,6,152685.4,1,0,0,183656.12,2,994,26.94,-8.171108232394981e-05
7158,558,0,1,0,0,1,32,10,105000.23,1,1,0,190019.61,1,644,26.44,-2.7234436097284844e-05
7163,607,0,0,1,0,1,34,9,132439.99,1,1,0,177747.72,3,768,32.18,-2.917133560633456e-05
7165,780,1,0,0,0,1,34,5,94108.54,2,1,0,177235.21,5,581,32.31,-0.00011028056966232645
7170,490,0,1,0,0,1,34,5,122952.9,2,0,0,154360.97,4,957,33.07,-8.046094880465116e-05
7176,684,0,1,0,1,0,38,5,133189.4,1,0,0,127388.06,4,762,29.12,6.093060786119875e-07
7179,684,0,1,0,0,1,38,5,105069.98,2,1,1,198355.28,2,862,28.12,-0.0001736832839100359
7184,703,0,0,1,0,1,36,7,135095.47,1,1,0,143859.66,2,764,26.14,-2.9286761969216426e-06
7208,520,0,0,1,1,0,30,4,145222.99,2,0,0,145160.96,3,779,26.79,-3.259762164917911e-05
7224,799,1,0,0,0,1,31,9,154586.92,1,0,1,88604.89,4,665,36.15,2.278926769264225
7226,781,1,0,0,0,1,35,7,92526.15,2,1,1,173837.54,5,534,36.84,-0.00011481872587722118
7232,555,0,1,0,0,1,40,10,139930.18,1,1,1,105720.09,1,872,30.72,1.0921449298343028e-05
7241,600,0,1,0,1,0,32,7,98877.95,1,1,0,132973.21,4,668,31.18,4.713315029226459e-05
7242,521,0,1,0,0,1,37,5,105843.26,2,1,1,84908.2,3,751,30.01,-1.682242127036582e-05
7268,507,1,0,0,0,1,31,9,111589.67,1,1,0,150037.19,2,473,26.23,3.3855449773844607e-05
7269,606,1,0,0,1,0,27,6,172310.33,1,0,1,111448.92,4,232,27.32,0.0001200302911421073
7274,660,0,0,1,0,1,38,6,109869.32,1,1,1,154641.91,3,688,28.88,-3.491972019338453e-05
7275,652,0,1,0,1,0,34,6,97435.85,2,1,1,104331.76,5,604,36.04,-1.5241204935171044e-05
7284,667,0,1,0,0,1,31,3,99513.91,1,1,1,189657.26,3,962,27.12,-1.7794592621205675e-05
7296,648,1,0,0,0,1,31,7,125681.51,1,0,1,129980.93,4,744,33.94,6.0001458079386506e-05
7310,547,0,0,1,1,0,22,7,141287.15,1,1,0,118142.79,5,282,30.32,0.00015614129909742683
7316,502,1,0,0,1,0,33,6,125241.17,2,1,1,158736.07,2,742,28.42,-7.719700288111116e-05
7320,474,1,0,0,1,0,37,5,142688.57,2,1,1,110953.33,4,822,33.72,-5.0775719906248995e-05
7331,418,0,1,0,0,1,34,8,155973.88,1,1,0,154208.96,4,777,33.77,1.5145756484136964e-06
7354,596,0,1,0,0,1,21,4,210433.08,2,0,1,197297.77,5,896,35.96,-0.3971729673655812
7357,493,0,1,0,1,0,37,8,142987.46,2,1,0,158840.99,4,660,34.6,-0.00011320366789320996
7370,644,0,0,1,1,0,26,4,153455.72,2,1,1,82696.84,5,944,36.44,8.470257272118229e-05
7374,663,1,0,0,0,1,37,7,143625.83,2,0,1,176487.05,3,342,28.92,-0.00013620765923157962
7377,704,0,1,0,0,1,23,6,166594.78,1,1,1,155823.2,4,881,33.81,9.80523901073031e-05
7382,620,1,0,0,1,0,25,8,141825.88,1,1,1,73857.94,1,911,28.11,3.739588733255698
7383,647,0,0,1,0,1,28,6,149594.02,2,1,0,102325.19,5,607,34.07,4.1179458235423076e-05
7389,836,0,1,0,1,0,29,9,133681.78,1,1,1,153747.73,1,954,30.04,4.695321019149097e-05
7399,453,1,0,0,1,0,40,1,111524.49,1,1,1,120373.84,4,867,26.17,-0.1636415235792459
7400,668,0,1,0,1,0,37,7,128645.67,1,1,0,92149.64,3,753,29.03,5.5514755599121206e-05
7402,633,0,1,0,1,0,39,9,129189.15,2,0,0,170998.83,1,757,28.07,-0.00014698797681369258
7406,556,0,1,0,0,1,34,8,163757.06,1,1,1,104000.06,3,719,32.19,6.696856938463979e-05
7418,730,1,0,0,1,0,37,5,124053.03,1,1,0,118591.67,4,593,27.43,2.104404490852447e-05
7421,753,1,0,0,1,0,38,9,151766.71,1,1,1,180829.99,1,873,29.23,-6.905937320876202e-05
7428,714,0,0,1,0,1,33,8,122017.19,1,0,0,162515.17,5,504,34.04,-3.4620430964132367e-07
7429,503,0,0,1,0,1,32,9,100262.88,2,1,1,157921.25,1,685,29.35,-6.716730444812531e-05
7448,636,1,0,0,0,1,30,8,141787.31,2,1,1,109685.61,3,405,31.05,1.3649225756169908e-05
7450,698,0,1,0,1,0,37,2,166178.02,2,1,1,71972.95,5,275,26.75,4.040130643866435e-08
7468,651,1,0,0,1,0,37,10,117791.06,2,1,1,75837.58,2,276,29.76,-4.997659033716795e-06
7474,609,0,0,1,0,1,32,4,99883.16,1,1,1,120594.85,3,887,27.87,6.326999252351744e-05
7481,490,0,0,1,0,1,40,6,156111.08,1,0,0,190889.13,3,759,27.59,-0.00010010774693340854
7490,600,0,1,0,1,0,26,6,108909.12,1,1,0,82547.01,4,804,31.04,0.00016667525525366448
7491,654,0,1,0,1,0,35,2,90865.8,1,1,1,86764.46,5,647,28.47,8.046999944911654e-05
7493,682,0,1,0,0,1,28,10,200724.96,1,0,1,82872.64,2,503,30.03,2.966464500618629
7494,610,0,0,1,1,0,37,10,140363.95,2,1,1,129563.86,3,929,39.29,-7.503702644847254e-05
7499,630,0,1,0,1,0,36,8,126598.99,2,1,1,134407.93,2,970,33.7,-7.238444543120368e-05
7510,545,1,0,0,0,1,37,9,95829.13,2,0,1,104936.88,5,406,38.56,-4.2932475369636614e-05
7517,644,0,1,0,0,1,40,8,93183.19,1,1,0,73882.49,3,617,29.17,5.242600468546507e-05
7521,595,1,0,0,1,0,26,8,118547.72,1,1,1,151192.18,4,388,31.88,7.718712611316993e-05
7525,660,0,1,0,1,0,40,8,167181.01,1,1,1,185156.94,2,736,29.36,-9.263507319718133e-05
7532,692,0,1,0,0,1,40,6,163505.16,1,0,0,90424.09,4,675,29.75,3.086182417589092e-05
7536,611,1,0,0,1,0,36,10,103294.56,1,1,0,160548.12,4,296,31.96,-2.4684308292172863e-05
7551,688,0,1,0,1,0,38,7,123544.21,1,1,1,157664.02,4,868,35.18,-3.885944340998927e-05
7573,586,1,0,0,0,1,37,8,167735.69,2,0,1,104665.79,4,738,37.38,-4.257907341974418e-05
7594,418,0,1,0,0,1,28,7,98738.92,1,1,0,122190.22,3,465,26.15,9.706010288076884e-05
7607,680,1,0,0,1,0,31,3,127331.46,3,1,1,176433.6,4,807,32.57,-0.00016411050747768143
7616,590,0,0,1,0,1,37,6,169902.92,1,1,1,128256.18,3,987,31.87,8.445067894415536e-06
7629,850,0,1,0,0,1,28,8,99986.98,1,1,0,196582.55,3,895,31.95,7.978461362370127e-08
7638,766,0,1,0,0,1,32,6,185714.28,1,1,1,102502.5,5,807,36.07,8.68557823650318e-05
7646,660,1,0,0,0,1,39,9,134599.33,2,1,0,183095.87,4,575,35.25,-0.00016275808092644704
7647,566,0,0,1,0,1,32,10,147511.26,1,1,1,159891.03,2,801,33.01,1.2042183916326022e-05
7656,748,0,1,0,0,1,38,4,115221.36,1,0,1,70956.75,5,986,34.86,7.417504066485134e-05
7658,573,0,1,0,0,1,40,7,147754.68,1,1,1,110454.46,4,319,29.69,4.749566936351879e-06
7660,680,0,1,0,0,1,31,10,113292.17,1,1,1,122639.73,3,714,35.14,6.957169082331006e-05
7671,576,0,1,0,1,0,29,5,108541.04,1,1,1,126469.09,5,843,34.93,8.251455353286606e-05
7674,750,0,0,1,1,0,37,2,113817.06,1,0,0,88333.74,5,998,29.98,6.0489289888820146e-05
7675,665,0,1,0,0,1,28,8,137300.23,1,1,0,90174.83,4,638,32.38,0.0001387964312313767
7697,614,1,0,0,1,0,39,8,125997.22,1,1,1,128049.34,5,817,39.17,-0.18441387019824576
7706,777,0,1,0,1,0,29,9,131240.61,1,1,1,163746.09,2,567,29.17,0.678414223053338
7708,848,0,0,1,0,1,35,5,120046.74,2,1,0,84710.65,5,644,32.94,1.3700553904288538e-06
7709,486,0,1,0,1,0,39,8,97819.36,1,0,1,120531.31,3,408,29.08,5.805217211589775e-07
7726,482,0,1,0,1,0,35,5,147813.05,2,0,0,109029.72,2,945,26.95,-3.0333093960599445e-05
7744,777,1,0,0,0,1,35,7,122917.69,1,1,1,76169.68,2,624,26.74,9.428170740839656e-05
7753,490,0,0,1,1,0,38,3,97266.1,1,1,1,92797.23,4,762,28.12,4.570306376202792e-05
7761,764,1,0,0,0,1,34,6,108760.27,2,1,0,166324.79,3,665,28.65,-1.921243715180287
7769,601,0,0,1,1,0,20,9,122446.61,2,1,0,86791.9,3,605,32.55,0.0001331689478711114
7792,584,1,0,0,1,0,31,6,152622.34,1,1,0,99298.8,5,445,30.45,9.99997043033443e-05
7857,580,1,0,0,1,0,33,7,131647.01,2,0,0,79775.19,2,769,28.19,2.573902927507829e-05
7861,659,0,1,0,0,1,32,9,95377.13,1,0,1,187551.24,2,846,31.96,-2.4016586781353035e-05
7872,676,0,1,0,1,0,36,3,91711.59,1,1,1,95393.43,5,270,26.2,6.025351490542265e-05
7902,628,1,0,0,1,0,28,3,153538.13,2,1,0,110776.01,4,579,26.29,3.016268791490275e-05
7906,701,0,0,1,0,1,35,10,159693.9,2,1,1,71173.64,3,752,37.52,1.9017352338723465e-05
7911,561,0,0,1,0,1,28,6,123692.0,1,1,1,70548.96,4,615,31.15,0.00016438136880316155
7914,805,1,0,0,0,1,24,6,143221.35,2,1,0,186035.72,5,545,33.45,-3.207848799269591e-05
7920,593,0,0,1,0,1,31,8,112713.34,1,1,1,176868.89,2,710,29.1,-1.123247702744168e-06
7921,714,0,1,0,0,1,34,5,141173.03,1,0,1,98896.06,5,536,31.86,7.362231372139479e-05
7951,516,1,0,0,1,0,33,10,138847.9,1,1,1,127256.7,3,465,32.65,4.5617911106727424e-05
7958,850,1,0,0,1,0,34,3,129668.43,2,1,1,88743.99,5,468,30.18,5.079531028806101e-06
7959,686,0,1,0,0,1,34,6,146178.13,2,1,1,88837.11,2,946,30.46,4.958136696392574e-06
7962,809,0,1,0,1,0,38,2,154763.21,2,1,1,174800.31,5,733,31.33,-0.00014297624075957865
7981,497,0,0,1,0,1,27,7,149400.27,1,0,0,167522.19,4,423,28.73,4.6931309420744853e-05
7983,545,1,0,0,0,1,33,1,132527.9,2,0,1,107429.71,5,898,31.48,-1.0312323749153258e-05
7998,465,1,0,0,0,1,24,6,156007.09,1,1,0,191368.37,4,865,31.65,4.274705107360825e-05
8001,747,1,0,0,0,1,36,8,102603.3,2,1,1,180693.61,3,751,34.51,-0.00013272399895253087
8027,607,0,1,0,1,0,33,8,91301.72,1,0,1,130824.57,5,480,35.8,4.0966716983142366e-05
8028,684,0,0,1,0,1,39,4,207034.96,2,0,0,157694.76,4,800,30.0,-2.5930166084500668
8036,577,0,1,0,1,0,30,8,92472.1,2,0,1,126434.61,4,569,35.69,-8.185328298749662e-06
8050,652,0,1,0,1,0,31,3,103696.97,3,0,0,155221.05,4,897,31.47,-2.7292788777145
8061,730,0,0,1,1,0,39,6,140094.59,1,1,0,172450.04,4,408,27.08,-1.3421163690942735
8074,777,1,0,0,1,0,34,5,96693.66,1,1,1,172618.52,2,971,27.21,-2.2484739710550117e-05
8078,693,0,1,0,0,1,40,4,130661.96,1,1,1,101918.96,3,910,28.1,1.5876728924277483e-05
8089,541,1,0,0,1,0,39,9,100116.67,1,1,1,199808.1,2,635,29.85,-2.055449591925163
8090,692,1,0,0,0,1,24,2,120596.93,1,0,1,180490.53,5,466,26.66,5.692776547331965e-05
8092,768,0,1,0,0,1,29,2,95984.69,2,1,1,73686.75,5,631,30.31,6.95460101793911e-05
8100,633,0,1,0,0,1,38,2,91902.56,2,1,1,107673.35,5,913,33.13,-5.5467300723610946e-05
8105,769,0,1,0,1,0,31,6,117852.26,2,1,0,147668.64,5,533,33.33,-4.483418874163187e-05
8109,437,1,0,0,0,1,35,6,126803.34,2,1,1,161133.4,3,628,30.28,-9.825718599118226e-05
8126,629,1,0,0,1,0,38,9,123948.85,1,1,0,76053.07,5,564,36.14,6.753130823180054e-05
8127,729,1,0,0,0,1,39,6,127415.85,1,1,1,184977.2,3,902,31.02,-1.668749157227577
8128,651,1,0,0,0,1,35,8,110067.71,1,1,0,127678.95,2,689,26.89,0.5426772933997843
8144,676,0,1,0,0,1,23,1,107787.47,1,0,1,116378.82,5,597,26.47,0.00014947339716878667
8166,606,0,0,1,0,1,37,8,154712.58,2,1,0,89099.18,5,577,36.77,-2.228592233628538e-05
8174,757,1,0,0,0,1,31,1,127320.36,3,1,0,163170.32,5,892,31.42,-0.00014682005407117753
8176,561,0,1,0,1,0,22,6,186788.96,2,1,0,73286.8,5,964,37.64,0.0001328397019775651
8178,678,1,0,0,1,0,40,8,128644.46,1,0,0,167673.37,2,751,27.51,-6.984290923288673e-05
8180,610,0,1,0,1,0,27,9,159561.93,1,0,1,103381.47,3,513,31.63,0.000130547287566393
8200,810,0,1,0,0,1,32,9,120879.73,2,0,1,78896.59,2,578,31.28,3.585187343960767e-05
8205,724,0,1,0,1,0,34,3,132352.69,1,1,0,80320.3,4,798,26.48,9.783829293395748e-05
8234,633,0,0,1,1,0,33,4,92855.02,1,1,1,159813.18,3,804,27.04,3.1761998166260687e-06
8236,564,0,0,1,0,1,37,9,100252.18,1,1,1,146033.52,3,500,31.5,-1.473006442289796e-05
8240,639,0,0,1,0,1,34,7,149940.04,2,0,0,156648.81,2,938,29.880000000000003,-8.344345320186932e-05
8246,577,0,0,1,0,1,35,5,110080.3,1,1,1,109794.31,4,407,27.57,5.044752021443453e-05
8248,505,1,0,0,1,0,25,5,114268.85,2,1,1,126728.27,2,943,28.93,3.626920650640189e-05
8255,637,1,0,0,0,1,28,3,123675.69,1,1,1,166458.41,4,711,27.61,3.935061649540556e-05
8272,481,0,1,0,0,1,37,8,152303.66,2,1,1,175082.2,1,517,26.17,-0.0001343762499973535
8277,580,0,0,1,0,1,32,9,142188.2,2,0,1,128028.6,3,332,31.82,-2.8198250637761048e-05
8285,711,0,1,0,1,0,39,3,152462.79,1,1,0,90305.97,5,851,30.01,3.9983281292376504e-05
8289,850,0,1,0,1,0,34,9,92899.27,2,1,0,97465.89,4,783,37.33,-6.290628205273713e-06
8329,638,0,0,1,0,1,34,5,146679.77,1,1,0,102179.86,5,790,32.4,6.934144270786891e-05
8336,647,0,1,0,0,1,35,4,123761.68,1,1,0,83910.4,4,713,27.13,8.419064709052701e-05
8348,807,0,0,1,1,0,28,7,165969.26,3,1,0,156122.13,5,255,34.05,-2.214698390660344
8355,556,1,0,0,1,0,31,1,128663.81,2,1,0,125083.29,4,876,26.26,-1.539117450649676e-05
8361,686,1,0,0,0,1,33,9,141918.09,2,0,1,184036.47,4,976,41.26,-0.00011017944669334395
8369,622,1,0,0,1,0,34,7,98675.74,1,1,0,138906.85,5,995,37.45,0.42927977742358375
8372,813,1,0,0,1,0,29,5,106059.4,1,0,0,187976.88,5,331,27.81,0.04662134291350034
8379,614,1,0,0,1,0,37,6,96340.81,2,1,1,139377.24,2,662,27.62,-1.756689337098974
8381,522,1,0,0,0,1,32,8,124450.36,2,1,1,165786.1,3,721,34.21,-7.742018476688074e-05
8382,550,1,0,0,0,1,36,2,113877.23,2,1,0,174921.91,5,980,31.8,-0.00012519981866482543
8401,776,0,1,0,0,1,39,8,125211.55,2,1,0,144496.07,3,476,29.76,-0.00011243809647310153
8416,760,0,0,1,0,1,38,3,91241.85,1,0,1,80682.35,5,840,31.9,6.149642469276191e-05
8417,528,1,0,0,0,1,32,2,99092.45,1,0,1,111149.98,5,859,30.59,7.558263952075239e-05
8420,677,1,0,0,1,0,26,6,98723.67,1,0,1,151146.67,5,425,32.25,7.724645446441709e-05
8429,548,1,0,0,1,0,36,2,108913.84,2,1,1,140460.01,4,800,29.0,-8.027413842211048e-05
8431,612,0,1,0,1,0,38,7,110615.47,1,1,1,193502.93,5,802,37.52,-8.55802397360026e-05
8457,715,0,1,0,0,1,37,9,165252.52,1,1,0,85286.3,2,612,27.62,6.446203413678264e-05
8461,650,1,0,0,1,0,28,5,122034.4,3,0,1,146663.43,4,240,29.9,-1.9680725350700523
8467,613,0,1,0,0,1,36,9,131307.11,1,0,0,83343.73,4,336,30.86,7.596190501800037e-05
8481,456,0,1,0,0,1,29,5,107000.49,1,1,1,153419.62,4,405,27.55,4.738094531185397e-05
8511,550,0,1,0,1,0,40,8,150490.32,1,0,0,166468.21,4,572,31.72,-1.36550472244859
8518,688,0,1,0,0,1,20,8,137624.4,2,1,1,197582.79,4,742,37.42,-1.1261745095492432e-05
8539,731,0,0,1,1,0,33,5,137388.01,2,1,0,165000.68,3,935,29.85,-8.536375705616575e-05
8540,620,1,0,0,1,0,25,1,137712.01,1,1,1,76197.05,5,631,26.81,0.00018392074648213345
8543,688,1,0,0,1,0,40,8,150679.71,2,0,1,196226.38,4,645,36.45,-0.00018884292289209943
8556,522,1,0,0,0,1,25,1,111432.13,1,1,1,168683.57,4,963,27.130000000000003,6.335223968821144e-05
8559,574,0,1,0,1,0,39,5,119013.86,1,1,0,103421.91,4,904,30.54,2.2884905215531222e-05
8560,677,1,0,0,1,0,39,0,111213.64,2,1,1,147578.26,5,667,27.67,-0.00011645614197805901
8566,632,0,1,0,1,0,40,9,139625.34,1,1,0,93702.96,5,709,37.59,0.5317741888702444
8571,755,0,1,0,1,0,28,7,124540.28,1,0,1,188850.89,3,691,30.41,1.0159034013842162e-05
8596,758,1,0,0,1,0,23,5,122739.1,1,1,0,102460.84,5,546,29.96,3.3525144032074623
8613,686,1,0,0,0,1,39,3,129626.19,2,1,1,103220.56,5,813,33.63,-5.862996737647648e-05
8627,657,1,0,0,0,1,40,7,99165.84,1,0,1,119333.95,5,267,32.17,-0.1365274634050371
8630,651,0,0,1,0,1,23,4,115636.05,2,1,0,70400.86,5,710,32.1,0.00012763443749671283
8646,636,0,1,0,1,0,20,10,124266.86,1,0,0,100566.81,5,606,38.06,0.00019698887571789885
8647,470,0,1,0,1,0,25,8,127974.06,2,1,1,183259.35,3,360,30.6,-3.7426591573661534e-05
8678,609,1,0,0,1,0,40,10,137389.77,2,1,0,170122.22,1,988,31.880000000000003,-0.00015481267078282313
8689,637,1,0,0,0,1,40,9,154309.67,1,1,1,125334.16,3,659,33.09,-0.2929767561166598
8708,443,0,1,0,1,0,35,9,108308.0,1,1,0,129031.19,4,476,32.26,0.507419028842983
8728,734,1,0,0,1,0,30,7,123040.38,1,1,1,76503.06,2,645,26.95,0.0001386844618990779
8741,687,0,0,1,1,0,29,7,93617.07,1,0,1,113050.92,2,856,29.06,0.00010000692670040442
8747,660,0,1,0,0,1,34,8,106486.66,2,0,1,182262.66,5,322,36.22,-0.00011683452087036306
8775,452,0,1,0,1,0,33,6,131698.57,2,1,0,151623.91,3,475,26.75,-6.79253543070329e-05
8776,807,1,0,0,0,1,37,10,130110.45,2,0,1,172097.95,4,539,38.39,-0.00013048588233729061
8779,617,0,0,1,1,0,37,9,101707.8,1,1,0,123866.28,5,425,34.75,1.4167887695340442e-05
8801,691,0,1,0,0,1,37,9,149405.18,1,1,1,146411.6,5,562,38.12,-1.5222942099003057e-05
8814,850,1,0,0,1,0,26,8,123126.29,1,1,0,74425.41,5,240,31.4,0.00017726284342086456
8817,685,0,0,1,0,1,31,7,122449.31,2,1,1,180769.55,5,946,40.96,-8.798563710643138e-05
8820,592,1,0,0,0,1,36,10,123187.51,1,0,1,146111.35,3,416,32.16,-5.864054250532114e-06
8821,652,1,0,0,0,1,36,9,150956.71,1,0,0,72350.17,2,507,26.57,9.029347586258818e-05
8843,614,0,1,0,1,0,27,9,106414.57,2,0,0,77500.81,2,825,31.75,8.250881847835785e-05
8848,457,0,1,0,0,1,40,10,134320.23,2,1,0,150757.35,5,237,36.37,-0.00012956798150098598
8868,457,0,1,0,1,0,38,7,164496.99,1,1,1,163327.27,3,929,32.79,-4.624224466687166e-05
8876,702,1,0,0,0,1,36,9,90560.48,2,1,0,174268.87,2,941,32.91,-0.00012434849397797694
8896,699,0,1,0,1,0,40,8,122038.34,1,1,0,102085.35,4,547,31.47,1.565981738035259e-05
8905,683,0,0,1,0,1,40,4,95053.1,1,1,1,116816.54,5,777,32.77,-0.07088859177134992
8909,593,0,0,1,0,1,32,10,158537.42,1,1,0,166850.57,5,584,37.84,2.969495855702997e-06
8913,623,0,1,0,1,0,24,7,148167.83,2,1,1,109470.34,3,884,34.34,6.773469060575519e-05
8916,606,0,1,0,0,1,36,1,155655.46,1,1,1,192387.51,4,1000,27.5,-1.323890134855036
8923,550,1,0,0,0,1,35,9,129847.75,2,1,0,197325.4,2,921,32.71,-0.00014543828219726313
8930,569,0,1,0,1,0,35,4,93934.63,1,1,0,184748.23,5,786,30.86,-4.726490547474791e-05
8942,774,1,0,0,0,1,34,4,120875.23,2,0,1,113407.26,5,948,36.48,-2.7072328902298782e-05
8952,702,1,0,0,1,0,23,7,98775.23,1,1,0,114603.96,5,291,30.41,0.0001517871637584287
8958,585,1,0,0,0,1,37,6,152496.82,1,1,1,99907.29,3,405,26.05,4.5401624769570397e-05
8961,602,1,0,0,1,0,26,8,113674.2,1,1,0,197861.16,3,368,26.68,0.3269741468887233
8965,469,0,0,1,0,1,37,9,96776.49,1,1,1,119890.86,4,406,33.56,1.9350377568228872e-05
8990,640,1,0,0,1,0,31,10,118613.34,1,1,0,168469.65,3,573,31.73,9.82628121242945e-06
9003,605,0,1,0,0,1,36,7,128829.25,1,1,0,190588.59,2,879,27.29,-6.384606517617725e-05
9009,475,0,1,0,0,1,40,7,160818.08,1,0,1,169642.13,5,219,31.69,-1.4482614158182012
9028,802,1,0,0,0,1,37,9,115569.21,1,0,1,119782.89,1,927,29.77,1.949113085507046e-05
9043,731,0,1,0,0,1,29,5,179539.2,1,0,0,112010.02,5,826,32.76,0.00010136387859698126
9046,766,1,0,0,0,1,27,5,126285.73,1,1,0,177614.17,3,969,28.19,0.6755351407102763
9049,729,1,0,0,0,1,40,5,113574.61,2,1,0,103396.08,4,995,33.45,-6.782625304408468e-05
9052,671,1,0,0,1,0,31,6,105864.6,2,1,0,145567.34,5,674,34.74,-4.209486409922917e-05
9060,688,1,0,0,1,0,34,9,91025.58,2,0,1,163783.0,4,985,41.35,-9.274382081743245e-05
9062,567,0,1,0,1,0,38,1,125877.65,2,1,1,107841.77,5,511,27.61,-5.568685864312433e-05
9064,609,0,1,0,0,1,39,3,121778.71,1,1,1,138399.67,3,985,27.35,-2.2713267298648945e-05
9078,730,0,1,0,1,0,36,8,148749.29,2,1,0,91830.75,3,694,31.94,-1.6879415983711895e-05
9089,736,1,0,0,1,0,36,8,103914.17,1,1,1,110035.88,4,666,34.66,0.8233437564836387
9097,569,0,1,0,0,1,37,9,178755.84,1,1,0,199929.17,5,255,33.05,-8.499022820879717e-05
9111,688,1,0,0,0,1,29,9,144553.5,2,1,0,143454.95,4,270,32.2,-2.1406138260183756e-05
9120,731,0,0,1,1,0,40,5,171325.98,1,1,1,159718.27,2,964,27.14,-1.1895069925614878
9124,718,0,1,0,0,1,33,7,102874.28,1,0,0,117841.06,5,504,32.54,5.789245290275481e-05
9125,608,0,1,0,0,1,37,5,146093.39,2,0,0,160593.41,3,808,28.58,-0.00011548818095171627
9131,756,1,0,0,1,0,39,5,149363.12,2,1,1,109098.39,2,927,28.77,-6.629250226576108e-05
9143,494,0,1,0,1,0,35,9,112727.06,2,1,0,183752.91,2,697,30.47,-0.00012774473233966835
9154,507,1,0,0,0,1,36,9,118214.32,3,1,0,119110.03,3,447,32.97,-2.6845132750791083
9159,540,0,0,1,1,0,31,10,118158.74,1,1,1,158027.57,4,645,37.45,2.3438924367590604e-05
9162,621,0,1,0,0,1,40,10,163823.37,1,0,0,89519.47,3,264,28.64,3.204111692704988e-05
9173,742,0,1,0,0,1,39,8,140004.96,1,1,1,92985.78,3,436,29.36,3.648979175258823e-05
9176,519,0,1,0,1,0,38,7,125328.56,1,1,0,188225.67,4,545,29.95,-7.870062789458733e-05
9180,693,0,0,1,1,0,34,10,107556.06,2,0,0,154631.35,5,711,41.11,-8.081342517490426e-05
9186,584,0,1,0,0,1,35,6,161613.94,2,1,1,148238.16,3,416,28.16,-8.144652178250347e-05
9190,607,1,0,0,0,1,32,9,144272.07,2,1,0,176580.63,3,797,34.47,-9.149229347680077e-05
9192,572,0,1,0,0,1,30,6,117696.67,1,1,0,100843.82,4,748,30.48,0.000106953036741885
9195,613,0,1,0,0,1,40,7,124339.9,1,0,0,193309.58,3,611,27.61,-0.00010326312614185258
9216,584,1,0,0,1,0,37,10,134171.8,4,1,1,70927.11,2,395,34.95,-3.243180654132101
9230,847,1,0,0,1,0,35,5,111743.43,1,1,1,183584.14,5,547,31.97,-4.5747358992582346e-05
9238,740,1,0,0,0,1,40,4,114318.78,2,1,0,129333.69,5,303,28.03,-2.0328893399472068
9243,612,1,0,0,0,1,32,9,106520.73,2,1,0,177092.16,3,821,34.71,-9.215914101609942e-05
9250,787,0,0,1,1,0,39,7,171646.76,1,0,1,100791.36,4,318,29.68,2.6314177779216735e-05
9261,799,1,0,0,1,0,39,7,167395.6,2,0,1,139537.43,2,908,31.58,-0.00010597384827208139
9267,683,0,1,0,1,0,38,5,127616.56,1,1,0,123846.07,4,806,29.56,5.226762172527111e-06
9270,642,0,1,0,0,1,35,4,125476.31,1,1,1,91775.51,4,467,26.67,7.393742782711498e-05
9271,499,0,1,0,1,0,21,3,176511.08,1,1,1,153920.22,5,753,31.03,0.00011846812209808055
9292,636,0,1,0,0,1,36,5,117559.05,2,1,1,111573.3,4,302,28.52,-4.261646148833618e-05
9329,540,1,0,0,1,0,35,7,128369.75,2,1,0,198256.15,2,653,27.03,-0.0001466516388864157
9332,605,1,0,0,0,1,19,8,166133.28,1,1,1,107994.99,5,870,39.7,0.00019627272490169357
9366,802,0,1,0,0,1,29,9,127414.55,1,1,1,134459.12,2,944,32.94,7.209848439826526e-05
9368,629,0,1,0,1,0,40,9,137409.19,1,1,0,175877.7,4,877,36.27,-1.610847477998327
9384,716,0,1,0,1,0,23,2,94464.81,2,0,1,185900.88,5,351,27.51,-2.293523412752094e-05
9395,597,1,0,0,1,0,35,8,131101.04,1,1,1,192852.67,3,758,32.58,-5.783012329460894e-05
9407,850,0,1,0,0,1,31,6,131996.66,2,1,1,178747.43,4,655,33.55,-8.534953414831245e-05
9408,419,0,0,1,1,0,27,2,121580.42,1,0,1,134720.51,5,851,30.51,8.969267159473576e-05
9417,648,1,0,0,0,1,37,6,131753.41,1,1,0,86894.67,5,849,34.49,6.236530945439499e-05
9423,701,0,1,0,0,1,33,9,147510.34,1,1,0,190611.92,5,228,32.78,-3.697406308584058e-05
9430,651,0,1,0,1,0,32,8,144581.96,1,1,1,87609.5,1,853,27.53,0.00010627079302476772
9431,753,0,1,0,0,1,33,5,122568.05,2,1,1,82820.85,4,491,30.41,2.176860549438055e-05
9432,523,0,0,1,1,0,24,5,172231.93,1,0,1,155144.12,5,557,32.07,8.997018945344705e-05
9443,741,0,1,0,0,1,37,9,105261.76,2,1,1,149503.54,1,523,27.73,-0.00010103105718450448
9450,663,1,0,0,0,1,28,8,123674.28,2,1,1,87985.2,1,925,30.25,5.9873546646791304e-05
9454,667,0,1,0,0,1,27,7,156811.74,1,1,1,149402.59,4,277,29.27,7.055262326954303e-05
9472,523,0,1,0,0,1,22,8,123374.46,1,1,1,124906.59,4,862,36.62,0.00014732378421793163
9482,505,0,0,1,0,1,35,8,116932.59,1,1,0,91092.84,4,671,32.71,7.48273791684889e-05
9487,753,0,1,0,0,1,32,6,177729.13,1,1,1,161642.08,3,987,31.87,9.759456835433634e-06
9496,680,0,1,0,0,1,33,10,183768.47,1,1,0,164119.35,3,291,28.91,-2.4374667685236884e-06
9500,522,1,0,0,1,0,25,5,94049.92,2,1,0,103269.0,3,913,29.630000000000003,6.685149195054501e-05
9501,739,0,0,1,1,0,27,8,98926.4,1,1,1,106969.98,2,474,26.74,0.00012586918645160288
9511,617,0,1,0,1,0,26,2,165947.99,2,0,1,168834.38,5,319,27.19,-2.758919235660124e-05
9516,639,0,0,1,0,1,38,9,130233.14,1,1,1,81861.1,4,345,32.95,5.9959766946494275e-05
9518,543,1,0,0,0,1,37,8,140894.06,2,1,1,118059.19,1,623,27.23,-6.003915559056989e-05
9528,850,0,1,0,1,0,40,9,99816.46,1,1,1,163989.66,3,873,35.230000000000004,-1.3008790852708263
9544,647,0,1,0,1,0,35,6,112668.7,1,0,1,122584.29,3,525,27.25,3.377407644636837e-05
9550,578,0,0,1,0,1,36,1,157267.95,2,1,0,141533.19,5,940,29.9,-8.167317160144408e-05
9566,582,0,1,0,1,0,38,9,135979.01,4,1,1,76582.95,2,876,38.26,-3.5700092604627747
9567,644,0,1,0,0,1,37,6,117271.8,2,1,0,104217.96,5,949,37.49,-0.8399473416938315
9571,631,0,1,0,0,1,35,8,129205.49,1,1,1,79146.36,2,460,26.6,9.040120825237542e-05
9591,772,1,0,0,0,1,34,7,111565.91,1,1,1,121073.23,1,887,26.37,4.471141652453883e-05
9605,770,0,1,0,0,1,31,3,155047.56,2,1,1,186064.34,4,948,31.98,-9.488810163950485e-05
9643,704,0,0,1,0,1,38,6,106687.76,1,1,0,173776.5,4,546,28.46,-5.986420880009079e-05
9649,608,1,0,0,1,0,40,7,96202.32,1,0,0,161154.85,5,822,35.72,-6.134514952794469e-05
9664,606,1,0,0,0,1,40,9,95293.86,2,0,1,96985.58,4,408,35.58,-5.9469311807648944e-05
9665,726,1,0,0,0,1,30,7,92847.59,1,1,0,146154.06,5,361,31.11,4.7885099281655827e-05
9697,550,0,1,0,0,1,32,8,97514.07,1,1,1,199138.84,1,890,27.9,-3.9122567948395015e-05
9709,737,1,0,0,1,0,22,10,111543.26,2,0,0,106327.85,2,258,27.58,8.976628910179343e-05
9718,757,0,0,1,0,1,30,3,145396.49,1,0,1,198341.15,5,614,29.64,-2.0147728802047793e-05
9724,526,0,1,0,0,1,32,7,125540.05,1,0,0,86786.41,3,672,28.22,0.00010734380055340009
9732,607,1,0,0,0,1,29,7,102609.0,1,1,0,163257.44,5,800,35.5,3.455603561141999e-05
9736,700,0,1,0,1,0,32,8,110923.15,2,1,1,161845.81,2,635,30.35,-1.4457421141243172
9744,752,1,0,0,0,1,32,9,115587.49,2,0,1,101677.46,5,722,41.72,6.153972822669612e-06
9756,806,1,0,0,0,1,36,8,167983.17,2,1,1,106714.28,3,498,31.98,-3.6282081236145885e-05
9765,601,0,1,0,0,1,40,10,98627.13,2,0,0,77977.69,2,726,32.26,-3.468999353939621e-05
9780,515,0,0,1,0,1,40,10,121355.99,1,1,0,138360.29,5,870,40.7,-3.1629402171200576e-05
9781,816,1,0,0,1,0,40,9,109003.26,1,1,1,79580.56,1,592,26.42,4.4997810917257087e-05
9783,509,0,1,0,0,1,18,7,102983.91,1,1,0,171770.58,5,434,31.84,0.00012210021433268424
9786,455,0,1,0,1,0,27,5,155879.09,2,0,0,70774.97,3,967,30.17,9.127684743798172e-05
9793,819,0,0,1,1,0,28,8,168253.21,1,1,1,102799.14,4,230,30.3,0.0001223389603912632
9797,642,1,0,0,0,1,22,10,111812.52,2,1,1,183045.46,1,729,31.29,-1.0245341593127905e-05
9813,705,1,0,0,1,0,31,9,110941.93,2,1,0,163484.8,3,468,31.18,-6.545266151381266e-05
9814,590,0,0,1,1,0,29,10,99250.08,1,1,1,129629.41,5,931,43.31,7.83946551585844e-05
9822,652,0,0,1,0,1,28,8,156823.7,2,1,0,198251.52,5,749,38.49,-8.387329940234943e-05
9823,808,1,0,0,0,1,39,3,124216.93,1,0,1,171442.36,5,471,28.21,-6.57888181330241e-05
9831,593,0,1,0,0,1,32,6,99162.29,1,1,0,128384.11,5,501,31.01,5.31156538455174e-05
9843,638,0,0,1,0,1,30,9,136808.53,2,1,1,106642.97,5,946,43.96,1.7615712564317284e-05
9847,546,0,0,1,0,1,25,7,127728.24,2,1,1,105279.74,5,917,40.67,6.423022433932111e-05
9852,671,1,0,0,0,1,28,8,119859.52,2,1,0,125422.66,4,555,33.55,1.1068827317345404e-05
9854,719,0,0,1,0,1,37,10,145382.61,1,1,0,80408.59,5,306,35.06,7.082077929525313e-05
9855,681,0,0,1,1,0,37,6,121231.39,1,1,1,146366.08,4,271,27.71,-1.5163600711422888e-05
9859,507,1,0,0,0,1,40,3,120105.43,1,1,0,92075.01,5,787,29.37,0.5742213075660713
9861,775,0,1,0,1,0,30,10,191091.74,2,1,1,96170.38,5,361,39.61,3.126812957130338e-05
9874,724,1,0,0,1,0,33,9,119278.44,1,1,1,197148.24,2,306,26.56,-4.5495027463430365e-05
9889,637,0,1,0,1,0,21,10,125712.2,1,0,0,175072.47,4,402,33.02,9.089334473775025e-05
9893,604,0,0,1,0,1,40,5,155455.43,1,0,1,113581.85,4,742,30.92,6.725972064686115e-07
9894,764,0,1,0,1,0,40,9,100480.53,1,1,0,124095.69,3,261,27.11,-1.3033594673928751e-05
9905,690,0,0,1,1,0,36,10,91760.11,1,1,1,135784.94,2,443,29.43,7.597797641417376e-06
9913,701,0,0,1,1,0,34,6,107980.37,1,1,1,119374.74,3,563,27.63,4.6925624639455546e-05
9931,425,1,0,0,0,1,40,9,166776.6,2,0,1,172646.88,2,419,29.69,-0.00015810390161692027
9933,677,0,0,1,0,1,18,8,134796.87,2,1,1,114858.9,4,904,39.04,0.0001145148160888362
9943,739,1,0,0,1,0,25,5,113113.12,1,1,0,129181.27,5,796,32.46,0.0001148487531901309
9951,625,1,0,0,1,0,39,10,129845.26,1,1,1,96444.88,5,615,40.15,3.198039382248062e-05
9953,724,1,0,0,0,1,37,6,125489.4,1,1,0,118570.53,4,880,31.8,2.1071603716376938e-05
9965,479,0,1,0,0,1,34,5,117593.48,2,0,0,113308.29,4,513,28.63,-2.694330831511057e-05
9973,758,0,1,0,0,1,26,4,155739.76,1,1,0,171552.02,5,757,30.57,5.0645360811986964e-05
9986,659,0,1,0,0,1,36,6,123841.49,2,1,0,96833.0,5,875,36.75,-0.4680337131700144
